"","V1","V2","V3","V4","V5","V6","V7","V8","V9","V10","V11","V12","V13","V14","V15","V16","V17","V18","V19","V20"
"1",426,67,206,313,117,92,183,469,578,68,331,236,99,148,223,134,599,214,391,106
"2",161,278,223,181,112,131,214,174,396,454,187,541,156,143,114,158,167,742,168,300
"3",169,611,199,386,177,69,237,547,101,428,75,326,206,177,109,268,241,351,205,118
"4",296,303,201,169,341,172,520,111,216,369,86,274,202,147,271,270,252,157,323,320
"5",291,355,177,281,26,480,154,242,81,132,109,270,170,547,225,307,123,385,402,243
"6",188,478,108,172,227,273,295,410,301,321,180,117,360,182,171,190,297,224,321,185
"7",204,153,206,250,256,377,258,101,116,293,209,198,310,93,639,213,116,271,193,544
"8",177,743,455,219,139,156,179,100,408,102,386,273,264,209,223,333,239,202,134,59
"9",169,347,151,323,328,288,170,110,262,344,322,180,76,120,697,170,313,346,136,148
"10",496,103,340,316,121,419,73,412,249,349,157,138,248,29,403,161,180,452,276,78
"11",248,532,358,187,86,292,135,168,191,151,263,730,395,146,191,179,253,121,54,320
"12",202,455,520,235,169,156,184,247,168,382,312,44,239,410,162,429,109,68,220,289
"13",233,236,334,270,379,260,224,319,403,255,193,520,210,261,325,127,29,149,84,189
"14",416,143,377,322,101,351,203,224,254,255,67,163,207,240,130,127,305,234,418,463
"15",255,124,93,121,205,304,181,529,313,446,327,199,192,233,272,351,276,187,87,305
"16",131,163,189,565,331,79,146,320,264,182,26,353,202,202,186,320,190,125,230,796
"17",475,87,171,235,386,513,127,629,314,96,168,240,253,276,167,169,191,160,78,265
"18",118,376,134,253,323,296,682,71,451,174,429,86,136,192,142,226,290,160,120,341
"19",215,219,445,122,198,476,246,307,248,261,365,253,306,345,151,65,162,124,234,258
"20",274,610,279,402,565,189,111,212,83,135,151,38,299,126,60,162,173,626,392,113
"21",96,332,364,82,206,312,180,422,427,193,306,110,434,205,153,35,491,218,211,223
"22",112,256,128,258,295,167,666,429,449,89,124,356,181,208,234,102,170,435,215,126
"23",179,170,173,114,412,211,193,136,416,407,175,257,249,547,260,176,92,229,157,447
"24",292,317,66,302,140,474,327,150,474,275,79,127,366,152,242,236,294,191,282,214
"25",279,420,228,201,114,216,216,87,372,202,373,149,272,209,211,375,89,672,219,96
"26",38,295,334,169,89,140,207,351,674,138,66,286,193,17,251,829,218,401,80,224
"27",255,389,451,195,183,182,92,352,216,94,228,67,172,296,425,245,123,305,347,383
"28",743,212,270,169,125,205,293,186,321,290,182,243,156,103,247,115,515,295,221,109
"29",329,192,338,421,153,160,192,142,511,237,188,220,584,95,335,94,167,166,290,186
"30",237,275,146,904,226,241,302,411,198,147,206,213,197,271,327,66,131,232,157,113
"31",140,381,204,166,236,252,163,233,156,339,164,707,277,40,128,323,330,160,419,182
"32",517,52,402,338,284,193,388,196,341,228,206,96,142,300,276,307,77,428,196,33
"33",154,304,77,308,137,105,177,70,490,208,114,180,686,344,258,329,372,225,292,170
"34",260,151,185,188,207,470,401,476,112,224,272,348,529,235,114,320,76,153,79,200
"35",146,78,420,254,143,325,160,205,310,272,508,187,425,316,218,169,77,409,269,109
"36",409,390,74,90,194,152,170,206,288,311,154,323,135,245,685,200,154,163,496,161
"37",76,137,153,221,168,109,748,205,74,202,256,376,159,561,293,185,388,320,80,289
"38",329,173,195,217,187,293,177,156,96,200,216,99,181,311,313,231,399,527,492,208
"39",243,53,186,146,274,246,191,319,156,90,273,399,438,371,422,170,162,292,378,191
"40",222,267,291,312,142,188,130,357,530,67,102,176,216,521,373,218,66,130,494,198
"41",217,198,239,165,405,201,64,301,163,200,157,509,299,30,313,317,333,246,219,424
"42",470,258,361,243,139,103,221,296,263,93,556,167,111,170,408,245,133,289,323,151
"43",402,103,186,341,249,103,468,295,136,243,247,173,53,277,250,561,221,219,141,332
"44",152,102,96,349,125,300,180,509,196,158,156,59,112,106,480,366,150,343,385,676
"45",341,164,282,145,89,244,152,69,116,356,505,194,452,324,186,446,144,326,248,217
"46",328,143,77,127,73,440,178,370,330,154,127,395,127,133,180,275,394,418,394,337
"47",382,62,266,125,171,93,158,545,347,113,159,285,414,187,203,303,124,374,343,346
"48",526,271,394,74,196,221,262,317,201,189,208,376,367,174,159,168,113,218,475,91
"49",294,235,265,182,252,277,241,212,399,150,359,252,393,164,191,133,399,71,270,261
"50",118,243,189,373,52,453,348,122,249,43,276,333,392,443,234,216,205,313,269,129
"51",129,129,445,467,53,201,208,165,174,202,165,143,61,345,232,103,232,252,489,805
"52",139,224,307,161,276,232,320,127,57,206,460,378,474,206,205,531,149,145,194,209
"53",354,435,160,125,179,187,103,206,339,190,421,182,238,452,302,133,162,190,425,217
"54",181,117,496,177,328,267,128,184,353,185,463,529,42,179,149,134,356,152,307,273
"55",259,273,233,272,82,221,580,88,152,253,590,478,278,146,106,87,350,195,295,62
"56",222,349,209,314,206,779,96,352,180,177,390,190,191,146,104,245,72,298,152,328
"57",505,45,36,34,293,219,207,1041,293,241,356,168,143,88,144,236,426,188,185,152
"58",96,587,249,65,112,210,480,108,309,279,121,386,289,236,188,221,301,172,116,475
"59",247,124,55,250,316,398,157,265,290,102,115,339,389,246,400,321,85,361,315,225
"60",331,483,195,104,273,701,490,148,330,126,60,76,178,46,96,222,157,521,59,404
"61",329,251,47,189,155,229,116,439,63,533,307,49,279,286,160,535,109,233,598,93
"62",132,206,168,447,200,417,298,234,311,373,214,148,136,329,251,125,296,150,175,390
"63",228,120,530,125,166,438,415,262,281,207,334,123,79,265,214,380,235,316,119,163
"64",99,568,110,122,119,158,625,252,246,351,218,71,194,144,182,307,252,256,360,366
"65",555,690,98,318,111,122,261,383,211,361,191,457,65,152,139,333,116,181,33,223
"66",247,600,184,119,167,443,253,53,254,155,357,156,138,510,271,230,313,112,262,176
"67",193,181,114,223,71,804,109,693,129,287,160,196,345,113,164,270,251,370,173,154
"68",144,310,240,348,67,239,418,264,410,182,185,140,78,540,227,231,416,197,104,260
"69",238,214,208,606,191,158,323,318,373,193,156,210,380,419,100,244,193,268,50,158
"70",131,179,758,258,208,65,295,262,228,217,388,62,91,325,315,429,174,308,105,202
"71",103,222,23,361,25,390,442,90,279,274,114,334,237,199,197,385,207,568,264,286
"72",220,95,290,324,321,277,498,247,277,39,80,286,241,401,274,209,133,322,282,184
"73",299,388,228,334,318,301,121,142,113,118,107,36,54,359,350,156,87,391,634,464
"74",518,70,394,264,244,349,271,102,114,100,297,105,322,554,329,180,280,174,244,89
"75",117,302,434,179,235,205,406,121,246,335,112,279,401,202,276,300,251,375,23,201
"76",60,101,102,97,205,176,599,841,55,201,286,294,520,190,208,290,280,151,262,82
"77",239,204,57,105,300,702,368,208,504,133,155,362,84,347,280,150,105,216,108,373
"78",254,150,267,355,50,530,494,257,243,77,429,74,297,132,211,382,309,259,45,185
"79",81,225,117,405,195,212,203,288,301,275,491,266,216,134,311,132,249,476,209,214
"80",140,200,433,102,544,64,203,208,377,326,294,104,386,204,31,261,404,294,98,327
"81",448,426,201,392,344,54,313,307,279,195,145,171,64,57,238,391,67,566,232,110
"82",257,170,137,211,145,216,260,141,354,290,390,356,317,317,410,358,154,170,176,171
"83",40,161,81,203,106,363,452,199,781,75,119,387,415,168,33,296,235,130,325,431
"84",324,62,111,250,97,154,528,206,400,119,248,660,384,43,290,210,393,102,145,274
"85",350,368,160,391,399,414,523,62,20,246,151,96,326,461,265,87,221,156,217,87
"86",458,133,325,396,56,190,350,154,210,326,293,83,248,165,25,153,374,80,523,458
"87",313,150,131,94,111,224,345,551,512,165,95,345,453,153,497,73,51,179,255,303
"88",288,121,214,370,108,392,220,261,67,312,133,325,266,42,123,449,220,152,477,460
"89",217,517,71,452,231,437,254,730,173,114,246,210,86,205,96,115,317,276,213,40
"90",292,309,153,71,339,181,162,346,205,418,225,165,508,79,260,293,168,276,319,231
"91",472,596,133,341,75,189,171,146,33,86,460,159,136,325,342,148,427,178,334,249
"92",206,412,303,93,421,166,83,139,347,414,123,157,205,341,306,444,157,306,317,60
"93",174,346,425,188,327,80,119,344,196,432,23,158,193,87,255,287,174,356,414,422
"94",110,208,344,203,124,363,221,425,225,149,343,164,129,118,310,199,452,176,178,559
"95",389,369,341,402,488,226,156,413,170,147,313,70,190,113,242,88,399,166,249,69
"96",376,251,319,349,614,264,142,177,124,214,169,148,112,256,335,125,255,245,302,223
"97",30,193,561,204,216,332,131,188,99,351,251,249,97,308,386,207,212,464,419,102
"98",358,229,262,602,274,227,228,490,259,157,207,212,121,240,196,107,116,277,63,375
"99",422,255,236,417,387,284,137,312,291,308,86,214,70,348,320,434,97,62,150,170
"100",191,315,196,332,49,149,173,230,377,347,79,235,132,538,338,381,111,158,289,380
"101",363,199,95,74,146,267,443,199,216,169,137,373,604,36,268,261,320,143,512,175
"102",122,163,50,417,123,185,172,500,163,496,354,522,123,263,645,29,164,205,161,143
"103",302,306,314,218,147,158,260,539,227,198,48,230,102,703,278,196,92,116,393,173
"104",308,174,399,386,317,140,397,645,164,203,225,310,137,236,194,10,277,50,192,236
"105",110,182,106,323,285,248,275,141,238,148,229,655,319,159,214,209,389,267,144,359
"106",111,6,369,392,406,258,28,384,215,245,308,546,250,488,108,165,192,201,144,184
"107",236,169,160,170,210,288,311,254,204,294,235,145,167,478,190,349,357,182,366,235
"108",141,837,112,177,15,357,390,252,172,216,290,66,99,267,405,140,159,139,380,386
"109",96,290,131,287,115,572,181,86,123,77,382,319,307,318,121,298,501,329,166,301
"110",346,60,113,442,79,281,169,187,108,612,591,396,263,400,267,193,123,182,62,126
"111",66,134,477,131,144,332,168,364,89,239,136,224,701,246,243,231,349,218,273,235
"112",29,334,1033,389,274,292,195,98,111,482,230,102,284,177,94,114,259,238,106,159
"113",111,219,448,236,117,200,278,285,107,248,409,178,170,282,220,172,264,118,470,468
"114",174,163,169,221,136,392,205,456,440,476,416,99,259,103,89,158,243,207,204,390
"115",322,262,474,346,264,190,379,196,327,113,250,186,325,176,63,102,125,372,343,185
"116",118,188,166,161,323,276,267,37,609,216,610,181,235,262,282,212,148,93,245,371
"117",64,219,198,180,102,163,211,377,202,405,118,160,408,545,189,297,250,136,495,281
"118",303,207,240,488,165,506,393,168,265,215,100,99,183,168,489,161,60,216,242,332
"119",121,161,371,533,521,336,253,161,127,215,524,191,95,91,132,369,551,124,39,85
"120",579,176,219,104,325,277,188,547,422,231,177,280,103,220,112,83,136,114,534,173
"121",430,304,258,212,431,117,93,280,279,501,144,117,195,216,133,308,329,105,189,359
"122",286,262,259,141,115,180,113,462,360,137,335,320,388,54,306,126,458,153,290,255
"123",167,75,149,343,173,386,353,380,360,110,253,125,282,254,83,376,503,334,83,211
"124",208,477,13,218,155,253,196,419,453,439,40,219,256,131,226,330,97,218,458,194
"125",162,220,72,79,124,443,310,251,168,193,128,97,407,245,224,436,401,437,526,77
"126",208,123,493,314,469,75,203,247,369,79,482,323,161,63,180,531,201,113,126,240
"127",265,195,407,61,153,256,207,201,111,185,765,434,236,171,385,184,146,147,202,289
"128",208,302,153,353,325,357,98,325,128,288,195,392,470,329,139,311,144,120,89,274
"129",400,215,385,206,446,178,93,197,535,460,200,184,30,197,181,210,183,293,252,155
"130",214,93,400,148,245,99,323,49,108,325,113,282,493,216,144,404,266,610,162,306
"131",212,217,164,95,402,81,210,286,393,287,260,325,136,207,503,270,473,130,41,308
"132",343,71,443,198,113,79,689,258,262,229,323,197,100,147,293,372,233,58,264,328
"133",66,172,188,119,207,163,375,119,91,248,398,347,301,187,126,633,280,89,328,563
"134",584,455,194,298,290,174,72,184,248,180,97,344,355,368,71,168,305,405,121,87
"135",294,447,168,83,164,53,271,423,94,457,114,44,297,272,358,470,54,723,86,128
"136",335,387,209,373,175,267,215,60,577,216,302,646,290,171,160,119,214,122,98,64
"137",583,306,101,498,231,317,267,189,167,143,93,164,210,380,316,187,240,283,108,217
"138",197,193,79,142,362,486,501,144,188,115,189,166,171,258,126,602,242,360,187,292
"139",239,137,391,200,262,193,299,444,332,72,132,163,233,267,89,279,195,160,591,322
"140",209,83,386,290,619,247,278,250,303,85,287,406,32,156,204,328,189,186,267,195
"141",122,292,141,66,346,403,168,393,522,89,111,107,319,342,319,206,115,312,474,153
"142",249,165,449,250,218,274,401,301,363,48,199,391,300,273,244,157,232,87,122,277
"143",272,140,60,258,128,178,311,239,280,111,288,68,416,264,313,362,446,138,246,482
"144",203,127,274,237,162,148,298,283,33,254,96,283,583,377,318,653,339,52,137,143
"145",364,187,318,290,157,405,280,140,278,228,406,355,263,478,155,312,55,89,185,55
"146",182,226,549,123,145,131,112,112,625,377,55,167,593,311,140,231,253,236,192,240
"147",224,301,281,282,611,193,179,322,81,177,128,577,310,244,81,125,183,332,203,166
"148",525,208,345,116,268,291,117,369,268,174,237,372,79,235,360,164,177,114,399,182
"149",221,136,288,409,242,215,265,147,112,480,115,343,79,418,420,130,265,130,139,446
"150",341,722,132,206,344,103,170,348,210,315,276,126,57,403,72,308,227,134,391,115
"151",280,326,208,92,213,133,164,130,164,315,432,203,359,544,178,251,224,286,328,170
"152",265,199,150,162,426,81,190,461,379,275,404,38,225,267,97,297,343,24,447,270
"153",211,99,173,203,318,535,11,154,451,143,348,400,262,295,150,373,90,325,367,92
"154",253,262,308,71,157,206,346,343,315,350,320,291,407,173,204,180,247,145,279,143
"155",449,356,112,168,196,149,252,245,104,852,257,211,320,125,104,176,230,105,424,165
"156",215,183,471,139,266,433,108,121,182,329,326,84,380,161,386,86,383,309,189,249
"157",188,281,306,388,291,268,298,483,231,348,41,170,273,62,316,219,37,406,93,301
"158",157,320,292,350,146,287,76,337,331,227,317,89,166,70,97,294,86,360,573,425
"159",150,187,343,177,107,119,326,107,356,317,167,179,331,471,148,369,151,380,434,181
"160",445,104,38,577,363,50,126,369,173,296,267,256,357,256,516,175,163,202,145,122
"161",320,170,149,169,600,246,90,247,239,418,174,264,81,656,234,294,26,72,409,142
"162",233,124,114,412,95,453,97,183,664,248,71,188,419,281,153,151,455,327,148,184
"163",102,215,171,172,153,569,520,34,218,373,339,464,157,88,313,373,180,265,242,52
"164",181,130,228,474,153,389,248,171,169,337,487,166,378,301,305,282,275,190,74,62
"165",169,321,100,130,103,116,636,292,297,209,102,251,172,137,485,279,282,122,603,194
"166",144,481,157,388,159,341,185,232,367,90,371,117,155,193,238,148,451,91,364,328
"167",466,43,344,74,380,217,460,249,53,478,215,143,346,282,69,238,280,219,124,320
"168",384,272,223,240,334,76,218,131,323,164,209,140,172,325,138,170,242,390,361,488
"169",204,118,300,285,225,234,433,239,287,134,140,234,443,113,359,226,120,257,279,370
"170",576,253,226,91,258,69,210,84,305,317,231,50,436,309,378,101,263,140,594,109
"171",746,270,16,47,690,155,175,331,436,240,212,267,149,227,158,346,67,135,86,247
"172",279,407,278,350,111,206,355,151,68,148,195,185,453,236,170,83,568,115,196,446
"173",209,14,196,176,640,692,198,188,88,450,310,484,210,56,99,403,78,242,108,159
"174",342,167,105,165,148,102,309,286,318,512,391,48,245,245,273,239,158,251,486,210
"175",887,228,342,260,189,274,221,449,405,62,110,64,260,318,137,59,153,144,119,319
"176",553,350,266,453,73,130,61,226,117,751,58,176,200,119,413,315,107,217,240,175
"177",54,389,251,43,222,343,172,175,270,293,147,128,210,168,408,435,119,377,667,129
"178",525,235,203,220,161,218,257,236,164,97,498,326,178,76,35,460,423,186,297,205
"179",161,432,175,168,175,547,326,263,252,59,254,120,112,245,296,534,273,376,138,94
"180",290,265,66,614,205,256,178,638,143,432,158,216,153,281,96,99,141,243,275,251
"181",423,346,366,115,134,438,398,385,136,166,429,160,269,251,264,131,171,195,93,130
"182",285,256,203,397,170,261,163,91,266,272,462,260,175,172,233,333,167,171,494,169
"183",106,140,557,303,79,411,101,84,406,36,92,751,199,555,285,42,250,196,129,278
"184",459,421,457,211,69,360,161,238,273,363,194,150,148,135,112,241,284,197,227,300
"185",134,73,311,311,422,246,283,75,135,106,240,336,515,266,51,99,361,396,409,231
"186",220,107,53,363,253,169,189,202,252,276,80,152,179,303,463,158,428,518,364,271
"187",617,299,85,217,235,316,118,136,79,370,321,315,196,195,149,394,157,189,287,325
"188",467,118,433,400,404,359,242,217,183,100,234,155,128,299,98,450,80,72,220,341
"189",86,200,256,269,102,36,237,140,452,282,346,478,210,254,316,77,228,261,425,345
"190",158,96,416,201,223,53,278,163,335,185,492,273,291,461,322,282,271,120,160,220
"191",119,353,146,302,147,213,142,250,254,148,124,150,376,391,223,473,264,103,136,686
"192",377,441,153,101,563,93,150,183,212,282,446,211,192,242,137,135,110,340,174,458
"193",224,528,245,163,172,179,191,110,183,59,440,464,239,541,174,298,293,128,225,144
"194",55,108,262,532,420,323,163,172,57,106,357,285,484,60,185,386,200,85,540,220
"195",68,482,626,107,193,156,128,181,299,105,99,259,615,252,65,170,194,300,255,446
"196",100,190,145,363,580,455,160,120,106,224,275,140,399,467,245,118,157,168,157,431
"197",379,134,387,557,301,81,298,44,337,77,367,154,330,301,278,324,100,184,192,175
"198",557,100,350,73,376,512,180,436,206,80,162,119,238,268,478,355,114,102,143,151
"199",539,354,148,78,136,112,113,374,273,279,387,377,35,160,369,506,155,95,325,185
"200",283,295,112,53,63,207,300,383,344,143,295,89,575,183,652,325,124,120,353,101
"201",313,401,372,459,276,119,197,293,412,222,116,252,225,200,83,211,281,388,102,78
"202",180,117,210,380,393,211,473,118,164,144,325,455,398,146,205,473,282,67,75,184
"203",270,50,208,109,925,342,342,135,216,318,375,349,251,140,218,191,195,161,142,63
"204",134,120,57,373,174,115,123,320,293,106,456,128,417,285,419,200,392,194,301,393
"205",351,148,313,264,35,164,264,73,139,334,159,198,185,340,424,421,487,289,309,103
"206",297,360,223,284,224,373,103,187,195,193,180,299,307,129,525,211,424,150,238,98
"207",246,110,124,241,517,318,150,236,121,390,126,317,503,123,276,203,330,273,132,264
"208",291,169,252,443,264,625,176,225,123,222,216,93,142,366,304,136,16,210,261,466
"209",207,150,173,520,113,307,413,243,178,341,77,387,235,191,263,105,227,43,416,411
"210",459,48,154,97,145,237,147,405,78,303,145,123,488,374,271,97,490,423,340,176
"211",259,334,79,192,191,150,327,82,311,390,323,266,155,290,191,142,113,504,185,516
"212",141,149,209,333,411,201,348,142,303,108,153,137,259,434,483,182,269,529,133,76
"213",298,184,99,435,452,50,463,230,446,132,267,30,105,686,280,163,79,163,275,163
"214",141,360,315,148,70,202,360,206,616,80,52,131,366,403,209,334,136,473,258,140
"215",455,196,207,135,85,245,260,329,121,117,598,293,397,297,237,233,104,198,261,232
"216",65,263,268,278,67,108,249,138,389,148,535,366,297,124,268,339,116,292,228,462
"217",120,401,151,75,229,254,393,411,135,205,83,374,305,287,184,322,313,230,125,403
"218",300,302,270,136,343,240,276,88,172,146,222,298,730,108,310,149,345,235,155,175
"219",398,215,153,488,185,126,481,539,674,244,383,86,52,96,230,92,211,197,123,27
"220",371,56,246,255,103,240,233,336,371,230,0,276,314,69,247,278,719,170,402,84
"221",143,573,201,306,85,352,230,201,422,285,128,127,228,205,188,532,377,61,174,182
"222",96,187,503,272,235,242,321,480,583,62,219,192,146,125,164,86,172,52,287,576
"223",172,66,346,327,352,188,196,355,134,143,32,647,508,171,107,507,98,214,286,151
"224",153,378,211,66,180,581,478,132,339,315,693,267,44,229,108,104,313,97,165,147
"225",39,339,206,214,290,203,206,394,187,506,369,280,128,85,496,324,133,31,128,442
"226",76,285,98,140,54,205,476,510,590,326,63,328,365,123,148,402,16,323,374,98
"227",175,237,237,359,217,128,196,502,289,160,395,186,196,105,46,434,294,212,315,317
"228",289,248,419,242,183,487,98,49,138,149,309,522,437,381,145,34,63,306,114,387
"229",356,287,237,150,234,497,209,56,479,176,86,310,93,262,298,62,275,634,98,201
"230",86,307,354,414,144,230,99,259,480,375,581,353,276,77,181,130,263,162,164,65
"231",391,122,52,110,349,262,286,502,157,212,262,535,139,111,156,170,366,192,373,253
"232",125,157,352,170,374,327,455,171,345,153,166,198,245,216,39,306,295,316,470,120
"233",85,137,239,102,449,83,179,53,408,743,128,115,334,163,79,393,96,578,353,283
"234",229,300,275,79,193,231,149,142,461,43,82,198,173,293,273,503,278,50,418,630
"235",307,252,64,219,577,141,494,105,81,109,406,107,369,176,201,367,168,173,574,110
"236",315,155,228,98,309,591,319,341,420,182,282,98,177,149,263,275,157,63,260,318
"237",115,173,141,176,300,351,199,177,99,280,440,362,243,265,223,552,119,153,161,471
"238",467,197,414,56,410,363,56,71,148,364,132,200,315,483,192,224,470,244,102,92
"239",166,439,203,166,411,196,258,127,557,212,249,392,134,457,138,161,32,110,318,274
"240",101,393,150,242,58,395,192,359,117,152,131,698,116,185,307,80,361,183,338,442
"241",138,345,231,328,148,445,323,169,205,394,243,204,190,204,182,172,140,349,163,427
"242",102,193,430,623,63,77,95,210,211,247,306,290,162,342,274,222,147,327,372,307
"243",157,326,188,156,367,437,592,347,172,200,227,367,361,127,152,117,179,220,243,65
"244",272,646,181,301,47,128,533,151,193,194,184,169,443,351,220,306,380,19,187,95
"245",57,262,273,332,172,340,219,375,335,146,241,76,313,159,481,190,190,209,466,164
"246",740,56,114,147,273,198,229,180,185,442,260,88,245,70,492,178,234,389,179,301
"247",446,180,244,181,26,501,96,150,348,626,244,385,266,41,151,155,71,545,177,167
"248",194,126,102,262,435,322,462,302,77,249,157,421,101,206,374,187,196,298,272,257
"249",193,379,403,176,275,543,471,222,193,202,106,135,242,72,91,726,215,106,243,7
"250",118,282,177,334,90,89,320,165,398,212,361,367,630,272,143,395,167,49,338,93
"251",165,279,87,327,129,90,119,169,501,310,116,335,184,220,411,461,308,327,156,306
"252",150,357,492,178,393,363,216,85,184,232,365,200,332,203,200,245,180,289,224,112
"253",203,141,244,330,227,96,284,272,142,405,135,266,370,203,493,251,148,427,137,226
"254",402,222,423,347,88,229,115,13,304,241,67,250,120,265,152,134,583,272,615,158
"255",150,395,214,200,147,424,124,153,101,193,180,317,358,113,150,122,331,650,460,218
"256",72,153,341,141,137,462,443,184,345,243,401,282,130,396,356,145,166,309,161,133
"257",93,125,257,285,205,512,160,218,457,609,162,248,116,446,202,130,102,136,339,198
"258",254,241,248,165,312,129,159,185,435,713,167,389,231,258,140,115,132,171,187,369
"259",149,409,464,434,367,290,571,375,213,122,250,82,110,169,57,53,197,308,258,122
"260",158,156,52,216,820,117,366,315,259,224,112,366,336,204,306,177,145,284,303,84
"261",317,216,303,191,133,245,85,68,343,268,304,442,43,464,145,240,460,384,198,151
"262",269,140,281,152,241,151,92,134,344,406,290,206,291,79,300,485,350,195,443,151
"263",201,216,243,166,355,312,224,349,215,329,175,349,166,422,157,312,296,176,223,114
"264",283,197,197,250,268,324,112,484,257,89,133,122,282,127,189,134,396,590,263,303
"265",353,82,329,251,281,205,384,189,190,414,281,53,238,449,245,151,113,576,111,105
"266",227,335,284,89,665,150,77,119,740,165,153,114,286,184,252,142,407,255,121,235
"267",143,201,209,100,332,295,361,91,215,604,404,203,411,253,462,121,154,166,109,166
"268",193,219,261,147,186,62,513,181,342,218,321,149,110,244,514,197,174,571,145,253
"269",348,133,374,555,228,128,246,169,267,47,85,173,447,113,107,292,467,222,207,392
"270",598,57,79,514,129,79,205,310,219,31,555,270,228,210,110,178,176,567,309,176
"271",398,69,246,268,328,330,417,151,281,439,222,242,157,142,241,237,87,306,304,135
"272",115,131,580,290,191,223,378,342,333,65,71,74,300,435,199,370,332,162,134,275
"273",138,565,573,98,290,324,120,417,404,267,356,176,158,133,256,112,358,66,153,36
"274",105,315,259,461,159,98,298,385,212,321,115,285,229,353,148,243,124,300,367,223
"275",205,16,166,131,170,268,383,368,544,40,323,473,110,640,237,270,16,241,272,127
"276",112,260,477,233,253,380,229,161,500,362,381,67,236,131,77,261,356,205,120,199
"277",493,246,722,243,203,220,79,246,341,202,127,175,239,453,160,483,68,198,73,29
"278",232,405,90,34,230,135,680,105,98,493,117,317,399,156,257,268,77,272,310,325
"279",531,86,244,254,137,145,523,330,44,261,586,227,127,91,533,67,219,105,96,394
"280",143,105,71,273,216,464,604,156,561,217,393,303,187,294,40,183,367,98,65,260
"281",134,393,155,85,241,80,436,132,82,359,211,755,209,143,255,312,175,392,122,329
"282",120,108,100,245,355,125,298,87,536,313,868,408,245,186,333,118,64,63,194,234
"283",267,306,306,197,134,139,391,259,167,537,32,92,219,120,298,243,497,426,135,235
"284",319,377,103,221,307,50,472,167,229,176,332,218,211,282,225,193,388,63,349,318
"285",441,181,131,408,213,72,134,37,156,50,573,782,56,445,202,239,176,361,74,269
"286",303,310,204,229,148,127,140,422,202,122,194,109,364,233,87,474,216,230,454,432
"287",375,171,165,55,336,338,401,694,218,397,76,78,387,155,191,266,89,173,150,285
"288",376,207,272,151,99,239,470,176,102,215,428,85,181,216,358,300,500,290,152,183
"289",71,328,133,320,247,177,144,265,101,252,695,179,240,150,262,319,146,252,214,505
"290",178,261,443,135,127,293,319,267,101,380,187,194,182,693,281,304,477,43,90,45
"291",323,240,335,221,536,92,140,70,54,604,265,55,221,509,94,219,313,150,490,69
"292",333,65,382,143,644,385,186,376,382,212,206,380,389,85,167,41,51,190,122,261
"293",278,232,150,71,294,76,224,490,290,270,147,251,451,202,350,107,303,229,136,449
"294",377,285,62,314,113,326,277,426,434,254,98,358,215,283,173,365,183,135,121,201
"295",135,284,799,79,241,187,370,326,208,197,186,253,214,326,116,166,473,143,251,46
"296",45,216,150,145,447,397,140,585,164,217,264,317,125,161,535,392,157,145,101,297
"297",218,302,156,299,98,327,237,202,481,111,246,469,113,298,274,121,91,279,374,304
"298",383,144,93,76,103,383,230,124,389,82,670,158,46,426,426,135,262,96,434,340
"299",106,157,354,180,143,369,114,158,178,267,421,329,221,221,143,372,190,239,457,381
"300",288,381,402,182,366,342,216,364,262,243,452,207,96,252,71,289,183,100,120,184
"301",234,218,236,248,229,574,226,72,119,245,197,442,577,23,241,278,187,203,214,237
"302",453,224,300,346,543,501,105,60,211,387,66,264,151,29,200,205,350,176,182,247
"303",584,154,283,107,676,194,316,69,216,159,233,136,393,108,374,239,269,211,108,171
"304",239,434,126,286,411,205,163,264,630,219,446,323,129,61,187,208,344,12,113,200
"305",220,35,249,368,320,123,197,135,775,225,120,100,252,206,300,116,481,313,147,318
"306",188,284,411,65,162,409,344,98,210,284,344,522,187,104,170,91,174,623,212,118
"307",32,201,404,225,179,342,414,234,434,150,389,417,152,82,191,304,207,390,139,114
"308",356,415,91,378,203,462,283,101,160,356,274,489,102,260,196,166,235,195,217,61
"309",157,316,100,306,165,116,399,119,643,101,568,136,138,205,193,249,43,139,748,159
"310",122,232,457,272,186,140,174,85,103,218,173,326,291,152,416,82,300,300,508,463
"311",141,387,240,238,275,145,494,130,229,155,100,292,237,311,243,426,140,160,311,346
"312",195,396,219,492,185,235,171,224,400,218,123,90,127,214,561,182,207,277,363,121
"313",215,339,98,271,173,43,300,124,294,310,388,291,140,390,343,428,334,307,138,74
"314",197,146,229,153,99,39,384,350,271,271,197,289,332,108,437,240,108,424,322,404
"315",258,458,518,116,416,116,96,148,281,108,417,290,182,185,247,229,101,183,291,360
"316",383,187,39,298,274,476,379,183,251,347,179,352,150,112,191,336,216,279,312,56
"317",324,221,336,297,395,226,249,276,91,389,241,62,399,316,286,109,361,75,248,99
"318",262,88,227,337,166,276,74,174,206,166,261,393,289,665,207,166,481,207,205,150
"319",105,236,560,126,256,362,484,191,317,300,195,213,190,134,528,270,160,164,50,159
"320",189,198,441,228,166,134,161,71,243,152,126,209,163,209,192,384,643,274,248,569
"321",482,65,317,82,279,322,596,225,405,217,316,37,184,314,69,64,319,161,301,245
"322",159,122,231,240,437,168,244,191,117,207,383,251,647,289,498,224,251,110,95,136
"323",359,463,99,67,383,223,136,195,293,75,130,127,105,287,161,292,763,123,398,321
"324",300,198,205,188,198,174,146,179,332,303,148,181,141,390,451,15,406,350,282,413
"325",241,173,223,372,345,158,228,137,116,116,206,135,747,110,354,243,233,368,194,301
"326",277,198,34,424,89,228,215,591,506,277,362,171,102,120,49,186,56,381,329,405
"327",116,248,58,292,125,235,362,332,396,401,253,176,376,145,87,280,316,128,202,472
"328",323,98,161,375,188,142,136,125,145,316,120,444,328,133,301,495,316,287,144,423
"329",491,51,346,86,49,585,304,174,208,169,335,336,270,468,131,360,26,195,282,134
"330",186,325,243,258,324,267,166,327,157,346,250,282,327,332,178,103,106,113,270,440
"331",453,77,214,90,365,295,182,105,406,149,246,521,225,409,171,125,176,163,433,195
"332",195,164,303,50,156,322,297,641,187,176,264,119,161,190,793,222,187,200,151,222
"333",170,71,405,625,381,163,282,75,170,96,39,338,258,391,274,229,330,136,399,168
"334",72,322,279,105,32,309,19,831,168,238,137,99,734,214,119,326,270,99,531,96
"335",148,70,282,187,184,143,234,269,183,122,308,260,259,333,409,348,208,346,582,125
"336",138,139,322,423,315,145,247,88,368,251,561,133,252,234,209,162,44,233,409,327
"337",183,283,276,225,81,216,124,128,510,396,193,182,183,173,845,236,155,325,130,156
"338",296,322,207,163,315,238,271,361,213,313,63,519,380,99,376,152,329,109,132,142
"339",524,34,297,187,144,375,111,130,237,133,247,272,364,144,328,100,335,139,579,320
"340",350,157,318,55,205,138,680,168,206,131,454,655,54,128,230,80,181,323,208,279
"341",339,123,142,158,449,513,185,273,346,62,94,195,255,185,79,364,474,190,111,463
"342",95,270,291,351,251,599,344,271,221,88,238,239,337,143,133,79,143,630,174,103
"343",351,277,389,97,201,160,409,358,165,138,277,208,151,332,170,392,14,269,373,269
"344",404,176,209,177,469,237,320,131,298,243,422,450,65,235,175,186,138,359,73,233
"345",199,136,88,143,231,110,421,284,189,233,213,210,391,469,574,362,244,173,203,127
"346",174,312,88,396,128,185,236,144,447,162,476,42,690,393,113,212,121,256,361,64
"347",253,112,51,50,269,351,569,421,116,252,131,404,336,179,92,335,88,207,622,162
"348",158,220,183,238,226,112,83,119,57,97,408,243,948,45,222,521,272,256,339,253
"349",181,274,43,177,96,200,417,344,106,77,471,208,210,229,346,217,364,49,636,355
"350",351,328,440,117,393,62,491,442,342,206,69,239,138,233,165,80,141,319,127,317
"351",61,362,202,262,434,189,648,150,283,129,259,261,59,211,98,239,269,249,325,310
"352",98,347,126,226,343,202,100,196,57,521,169,328,351,797,62,53,136,542,55,291
"353",89,180,158,121,415,142,106,377,181,299,399,344,242,251,174,164,565,329,70,394
"354",433,76,265,234,216,427,256,369,242,324,99,216,172,257,158,148,331,358,131,288
"355",127,257,101,47,232,181,189,283,184,92,122,634,258,311,302,470,235,400,245,330
"356",451,129,462,82,187,98,285,214,434,269,531,359,79,96,366,142,226,55,319,216
"357",476,222,165,108,129,335,45,180,241,239,325,209,373,235,380,221,343,321,392,61
"358",145,486,112,306,218,330,202,96,218,163,364,318,185,263,549,3,301,332,172,237
"359",398,203,384,191,56,347,197,512,189,253,495,68,417,215,177,127,198,255,185,133
"360",337,96,118,330,248,388,279,272,384,424,263,237,105,302,243,152,141,154,242,285
"361",374,145,324,155,627,388,437,255,163,264,367,56,194,83,133,264,153,376,203,39
"362",381,244,207,612,363,203,77,285,225,107,197,99,334,101,223,390,397,129,107,319
"363",365,273,117,217,209,77,121,276,158,65,655,80,133,236,391,252,312,59,405,599
"364",162,232,350,54,329,72,155,473,115,299,267,426,274,428,86,328,239,252,99,360
"365",375,236,118,532,267,214,265,189,361,162,62,550,377,46,225,244,283,92,182,220
"366",417,440,23,380,202,125,108,48,481,111,194,61,557,24,442,223,411,125,95,533
"367",67,90,388,163,113,127,408,337,61,157,124,829,215,253,132,574,260,41,190,471
"368",334,120,483,56,743,143,253,242,358,252,126,469,231,170,278,146,177,279,52,88
"369",195,431,168,231,150,97,186,381,330,400,101,309,317,164,163,266,290,158,341,322
"370",550,238,83,134,274,65,96,120,425,361,242,220,261,284,239,417,360,281,124,226
"371",284,167,147,230,119,111,350,212,214,155,291,420,801,201,433,279,286,190,36,74
"372",224,223,100,313,171,214,27,299,306,160,687,330,51,305,256,386,114,296,214,324
"373",180,47,489,272,390,199,193,214,138,266,273,68,257,283,306,433,149,208,286,349
"374",118,211,261,794,309,369,325,170,191,119,256,273,281,190,245,100,189,377,63,159
"375",316,503,381,306,157,161,426,267,144,178,177,295,242,59,160,418,285,153,47,325
"376",149,394,221,114,491,296,377,396,108,77,515,306,81,323,130,130,231,218,150,293
"377",130,81,381,257,289,242,64,360,270,244,251,161,368,248,242,216,419,411,193,173
"378",221,164,71,201,446,423,327,161,377,187,215,293,458,88,401,79,219,228,187,254
"379",402,481,304,288,415,380,162,392,214,240,239,159,84,260,241,39,142,112,340,106
"380",184,251,592,285,177,151,99,54,233,283,305,324,294,117,195,50,435,466,67,438
"381",395,333,334,181,97,338,155,226,231,278,140,95,392,345,197,107,250,318,250,338
"382",87,193,230,192,206,451,611,396,127,232,310,207,122,133,82,244,258,399,193,327
"383",534,147,189,384,108,135,212,215,215,83,448,380,112,198,205,386,376,92,142,439
"384",243,240,362,95,321,362,686,78,101,241,61,214,170,381,391,261,48,258,386,101
"385",312,223,412,163,145,315,153,254,108,259,354,349,339,155,312,338,126,269,317,97
"386",235,253,227,79,98,144,62,323,265,122,333,367,520,266,324,174,431,377,306,94
"387",296,272,262,461,99,371,71,203,401,300,86,165,401,354,220,311,72,252,108,295
"388",227,199,197,311,100,249,354,322,122,298,148,351,36,145,269,805,391,157,130,189
"389",127,218,305,39,255,317,137,177,672,492,349,231,193,310,153,220,244,183,95,283
"390",216,247,490,531,46,245,164,595,280,153,62,18,264,319,322,50,131,343,309,215
"391",474,118,194,83,139,457,397,80,48,343,201,396,430,116,359,108,68,772,126,91
"392",266,120,104,217,216,126,120,143,251,167,570,175,402,252,78,687,374,76,335,321
"393",117,278,116,199,142,176,331,472,240,411,237,360,238,427,269,239,122,293,198,135
"394",310,205,201,255,388,296,189,117,331,411,245,250,269,315,302,99,218,239,159,201
"395",76,208,102,108,84,321,133,331,487,502,286,166,419,335,187,200,276,327,275,177
"396",239,352,332,536,108,534,110,95,296,445,184,186,529,98,169,411,105,91,76,104
"397",110,258,142,91,270,192,47,271,83,195,102,526,110,252,584,361,201,441,427,337
"398",141,282,242,199,293,151,168,577,157,368,167,120,356,68,809,343,33,201,270,55
"399",91,137,387,346,55,222,329,227,587,125,242,31,289,49,135,246,296,513,197,496
"400",139,149,202,389,461,170,197,254,197,317,250,345,161,296,345,335,63,136,518,76
"401",138,131,56,91,190,267,467,332,244,263,260,307,103,228,258,181,731,370,180,203
"402",137,341,181,139,274,290,136,460,328,320,93,31,130,255,306,639,112,150,337,341
"403",662,311,441,326,168,144,143,289,188,73,308,104,387,52,162,55,93,137,380,577
"404",90,103,211,150,222,388,113,65,745,166,132,238,317,646,398,178,94,89,388,267
"405",354,302,115,290,13,405,312,204,336,186,340,160,219,296,519,134,119,192,114,390
"406",391,120,309,353,186,64,78,640,30,135,166,73,312,515,268,279,163,261,138,519
"407",208,128,253,231,299,154,361,81,326,310,277,98,427,29,46,339,242,326,380,485
"408",56,262,63,284,337,355,285,119,288,180,228,141,331,202,514,99,176,167,756,157
"409",216,131,328,249,396,187,581,174,274,208,63,323,66,818,117,119,253,166,143,188
"410",152,256,214,393,203,265,323,173,877,135,387,164,229,259,247,262,17,99,136,209
"411",313,457,156,97,401,86,162,164,160,167,555,189,245,288,439,179,330,260,160,192
"412",263,739,141,196,82,233,276,193,139,263,447,290,325,283,224,92,343,125,91,255
"413",240,242,360,142,111,40,283,60,341,693,336,85,401,457,62,304,130,477,159,77
"414",155,186,447,204,78,502,101,284,415,239,61,182,241,191,504,256,513,223,68,150
"415",155,486,235,129,399,151,246,228,211,379,97,108,104,524,227,323,408,227,267,96
"416",155,203,113,132,331,308,559,252,279,108,337,60,304,526,207,193,112,488,219,114
"417",269,300,51,124,709,285,138,289,288,470,262,159,451,228,201,112,235,188,118,123
"418",320,386,550,363,380,256,253,123,176,253,43,157,71,58,158,195,251,531,256,220
"419",283,397,134,46,205,479,164,194,224,322,207,219,300,285,299,308,393,136,199,206
"420",165,368,293,396,96,292,56,392,287,316,109,264,165,512,137,293,404,152,60,243
"421",297,237,116,615,204,117,307,94,233,176,217,264,112,222,321,246,392,356,150,324
"422",251,150,287,243,462,168,102,189,269,268,259,68,269,287,320,216,301,175,506,210
"423",253,140,271,102,345,313,421,410,191,193,361,184,259,236,135,171,250,301,292,172
"424",458,119,279,758,94,33,258,105,74,287,286,133,321,454,138,329,146,230,294,204
"425",189,157,115,418,152,131,259,255,256,379,258,393,243,185,212,178,177,517,331,195
"426",337,314,404,88,300,64,297,89,361,617,66,82,131,340,185,293,429,120,151,332
"427",118,257,386,127,48,141,234,349,236,238,244,161,324,601,51,229,64,569,193,430
"428",176,517,316,96,352,359,253,155,226,312,259,233,157,175,473,207,145,273,118,198
"429",111,235,214,351,241,46,86,240,112,106,52,278,499,282,237,588,206,337,221,558
"430",635,640,75,194,616,94,181,88,106,126,328,192,184,142,409,170,178,181,228,233
"431",194,89,803,637,173,29,92,63,51,340,386,147,358,107,366,164,613,61,164,163
"432",268,564,131,542,99,279,533,255,108,197,255,423,298,186,190,160,37,66,168,241
"433",404,260,151,218,260,297,443,190,405,251,44,154,95,155,210,288,170,566,285,154
"434",505,115,50,217,153,378,157,361,621,223,238,159,91,166,301,32,170,574,284,205
"435",149,399,451,153,179,161,155,213,196,214,210,271,147,270,386,372,208,181,255,430
"436",74,93,265,245,227,406,242,85,406,253,236,210,214,199,176,658,234,291,348,138
"437",267,87,229,103,273,56,324,58,259,323,133,380,359,124,107,641,212,445,521,99
"438",101,139,146,301,104,218,302,258,347,499,434,100,361,42,359,312,87,161,503,226
"439",505,136,221,265,326,115,326,174,309,367,240,190,66,141,372,485,285,136,151,190
"440",281,190,37,302,180,117,260,367,272,358,171,88,243,339,110,354,233,355,491,252
"441",78,194,233,589,212,178,83,354,585,266,347,259,101,55,523,118,352,249,80,144
"442",219,257,98,148,148,262,194,258,205,307,133,343,311,299,131,362,346,221,524,234
"443",191,151,165,104,117,711,325,279,326,359,284,209,57,76,384,88,402,383,239,150
"444",43,457,167,354,473,197,200,102,47,432,479,340,100,89,318,226,304,264,99,309
"445",285,273,286,694,134,189,468,116,69,128,82,197,50,304,200,270,160,276,503,316
"446",129,164,250,59,208,225,420,389,458,219,133,371,403,194,509,93,100,138,415,123
"447",346,248,548,232,229,103,419,203,104,195,176,93,128,140,245,274,459,163,473,222
"448",133,246,307,345,154,196,292,625,418,204,146,180,131,118,531,214,223,288,120,129
"449",380,257,119,312,109,370,185,228,176,153,104,261,236,819,259,138,389,43,268,194
"450",81,223,253,200,871,150,342,112,346,122,467,198,34,119,296,256,273,139,97,421
"451",106,164,694,200,159,30,249,361,292,393,209,445,260,158,122,247,154,334,161,262
"452",81,223,221,297,122,330,99,162,254,614,310,465,384,214,60,601,109,92,225,137
"453",172,379,368,558,214,60,209,441,105,194,171,530,133,102,108,71,560,276,328,21
"454",191,100,209,218,202,450,169,337,196,246,426,237,310,246,377,229,227,378,182,70
"455",74,283,272,192,410,299,98,30,552,318,406,348,102,224,285,100,285,138,251,333
"456",209,176,73,322,169,133,439,365,333,428,428,289,196,71,356,379,92,231,235,76
"457",352,67,637,437,234,149,263,371,275,474,78,257,129,160,83,40,120,197,412,265
"458",126,199,418,93,245,221,317,170,306,323,154,225,409,383,121,352,287,387,186,78
"459",306,195,503,291,251,549,312,23,569,384,248,163,174,391,43,142,86,125,162,83
"460",190,297,188,228,166,480,407,339,172,151,524,397,190,153,133,48,273,265,241,158
"461",215,151,176,188,160,259,398,580,444,227,94,289,411,241,176,26,144,186,514,121
"462",224,169,385,236,185,152,156,159,394,473,131,332,781,107,254,328,62,93,217,162
"463",114,226,41,219,103,296,209,309,53,64,336,40,448,296,138,597,575,233,195,508
"464",286,277,230,320,82,247,217,427,160,49,405,138,34,743,367,194,185,341,203,95
"465",129,361,108,271,465,393,254,285,153,352,193,292,54,187,147,345,323,167,193,328
"466",109,219,50,158,266,263,224,52,248,565,238,148,176,547,379,245,211,519,257,126
"467",206,175,351,280,308,249,149,120,265,302,116,288,343,197,53,282,292,285,172,567
"468",133,60,266,96,61,163,343,96,395,344,234,440,449,265,433,172,308,225,179,338
"469",81,154,283,123,118,419,184,428,323,95,585,481,262,176,100,104,124,304,320,336
"470",90,164,215,431,127,175,57,686,177,119,212,343,396,244,364,138,97,268,204,493
"471",242,646,93,370,662,285,69,273,302,60,203,201,175,204,202,330,171,243,61,208
"472",409,76,125,141,295,252,303,177,350,214,209,321,222,250,168,143,375,603,104,263
"473",519,115,504,241,135,211,203,309,169,233,388,80,233,218,186,320,108,36,327,465
"474",122,154,539,284,210,110,319,94,58,196,59,99,112,337,219,131,1117,312,143,385
"475",114,557,478,177,263,83,210,96,331,190,225,392,206,316,166,288,221,217,98,372
"476",176,308,69,472,307,384,317,87,306,129,150,524,16,483,56,113,257,469,183,194
"477",256,105,209,248,402,229,421,448,179,220,235,278,211,101,329,117,400,253,264,95
"478",386,87,348,251,400,377,150,248,79,299,248,635,213,219,198,38,192,90,393,149
"479",144,137,308,224,436,72,665,259,213,121,240,284,183,244,320,137,159,222,355,277
"480",292,174,336,156,277,342,361,164,80,273,178,266,177,235,343,287,189,444,360,66
"481",107,135,215,282,364,279,150,100,112,330,104,83,481,209,463,328,212,465,364,217
"482",201,431,165,536,327,201,252,253,53,413,166,227,230,102,217,202,245,197,378,204
"483",163,263,420,235,340,263,248,232,243,183,392,374,251,61,234,120,327,252,161,238
"484",105,277,268,371,354,266,202,489,616,224,147,328,161,33,278,77,299,112,223,170
"485",167,143,171,243,308,406,193,87,76,117,135,92,132,247,263,193,259,507,331,930
"486",434,319,129,301,163,127,199,161,89,242,345,583,108,70,245,122,813,149,139,262
"487",547,118,169,338,340,282,118,209,76,413,262,101,173,53,436,138,67,288,707,165
"488",333,79,269,117,155,153,377,197,127,273,310,166,194,241,391,81,101,459,554,423
"489",178,187,341,75,627,306,212,331,99,277,141,130,144,266,444,154,112,168,309,499
"490",198,489,254,534,28,144,362,208,236,198,130,22,240,348,286,251,296,76,360,340
"491",441,423,312,221,180,445,92,162,88,135,487,286,104,138,350,227,73,338,333,165
"492",185,173,107,585,69,537,436,447,438,216,141,166,75,323,136,244,137,183,108,294
"493",193,125,482,292,230,69,159,374,257,353,402,18,316,241,91,484,120,317,119,358
"494",255,79,316,568,274,69,180,59,266,141,272,53,241,192,82,478,248,504,382,341
"495",139,331,277,345,316,167,114,104,276,341,154,140,169,101,554,126,137,183,393,633
"496",105,300,170,53,339,219,285,269,174,119,75,433,88,377,240,211,327,361,402,453
"497",282,115,112,316,305,254,315,34,230,184,54,321,165,203,553,305,414,53,339,446
"498",333,161,130,102,128,434,383,451,170,294,125,231,421,225,195,261,203,282,216,255
"499",411,250,61,318,167,180,444,240,289,86,362,474,130,394,265,190,246,366,72,55
"500",316,306,163,78,103,168,291,417,193,181,441,416,293,247,234,45,415,120,311,262
"501",36,852,223,67,141,292,131,317,242,185,209,92,335,637,172,146,191,433,173,126
"502",263,150,426,330,229,136,361,257,124,105,577,208,622,41,172,175,271,248,16,289
"503",165,154,524,339,187,285,126,147,474,159,314,296,202,140,133,183,202,72,553,345
"504",369,185,377,268,176,177,130,225,163,328,178,296,413,101,483,221,80,207,322,301
"505",362,239,290,91,29,290,407,85,163,649,438,494,175,229,82,179,279,193,155,171
"506",377,358,336,848,197,78,414,303,199,118,203,126,85,331,131,339,130,260,125,42
"507",175,132,296,226,302,187,196,269,287,177,178,224,129,349,381,344,326,410,158,254
"508",257,193,273,298,263,203,561,52,316,513,247,151,187,121,320,312,251,194,138,150
"509",505,198,414,506,412,146,104,260,194,291,283,191,214,295,157,231,127,178,135,159
"510",198,177,308,481,139,165,316,138,242,278,185,637,149,145,89,581,231,132,95,314
"511",131,181,324,129,256,295,93,384,47,216,109,326,225,185,608,82,633,334,411,31
"512",186,134,322,174,319,291,131,391,188,97,577,368,205,133,649,97,137,329,190,82
"513",165,115,184,165,257,106,376,154,113,582,236,277,226,248,424,149,144,376,385,318
"514",100,383,171,71,169,319,506,174,448,172,123,280,176,229,367,352,345,238,216,161
"515",173,222,370,146,59,132,557,286,250,408,105,602,284,81,359,230,107,290,190,149
"516",270,88,186,182,187,226,395,276,323,286,371,196,380,93,83,550,438,177,164,129
"517",30,244,119,322,379,143,126,277,402,146,407,417,473,193,255,90,195,205,382,195
"518",126,113,346,159,188,406,111,379,202,118,342,137,272,363,170,454,241,472,224,177
"519",265,269,100,80,45,154,88,82,130,206,392,667,182,500,245,488,247,553,200,107
"520",167,114,196,178,197,391,305,264,219,273,234,128,526,452,182,244,157,393,83,297
"521",249,352,321,136,280,315,165,147,202,410,107,375,120,150,186,392,75,254,526,238
"522",259,378,365,201,205,237,293,217,182,412,193,238,357,265,213,9,263,187,410,116
"523",275,255,195,314,85,168,179,384,243,199,306,239,175,122,142,336,445,337,200,401
"524",231,142,198,365,607,154,153,371,178,388,184,135,372,188,290,138,292,381,82,151
"525",488,265,156,206,343,307,51,249,349,303,418,105,300,406,400,142,124,189,92,107
"526",77,106,362,452,114,97,480,220,277,262,513,156,233,431,281,436,94,48,188,173
"527",410,113,561,190,237,256,472,112,84,179,39,231,239,317,661,221,89,164,274,151
"528",190,333,87,239,114,171,226,272,482,195,174,126,223,215,179,187,387,165,578,457
"529",583,149,162,311,361,229,505,284,115,254,199,120,406,257,332,27,169,144,234,159
"530",63,20,297,425,238,326,585,400,124,198,139,107,238,382,90,397,596,76,174,125
"531",237,122,222,551,539,186,159,132,270,273,109,275,483,182,109,194,135,120,505,197
"532",280,312,182,340,307,439,356,163,187,393,187,131,189,233,89,104,383,85,312,328
"533",358,199,375,130,386,307,98,218,398,131,190,384,339,137,290,170,123,216,430,121
"534",47,9,441,131,298,79,286,265,239,396,90,163,490,351,366,558,245,393,137,16
"535",109,283,171,166,49,509,140,345,113,265,87,221,574,345,250,197,163,240,308,465
"536",153,169,412,132,194,313,310,137,326,251,674,240,67,316,20,623,70,62,165,366
"537",381,226,264,236,447,324,108,287,115,70,74,169,324,517,253,118,45,191,293,558
"538",105,68,291,698,167,149,138,530,200,109,492,207,224,457,156,224,209,184,218,174
"539",48,81,166,224,300,214,421,95,260,502,242,638,148,262,246,78,310,125,300,340
"540",159,77,196,92,442,236,245,287,294,142,235,105,568,154,386,280,148,117,654,183
"541",409,80,307,284,417,396,54,625,144,457,86,186,65,140,82,140,406,275,270,177
"542",171,50,442,265,59,257,223,314,68,297,218,554,471,701,46,140,136,100,382,106
"543",140,287,359,171,178,206,232,84,43,325,308,238,406,161,396,186,539,361,243,137
"544",307,167,48,150,343,411,180,630,190,180,351,455,115,228,172,219,289,198,237,130
"545",258,172,501,183,509,214,179,334,273,100,168,246,119,296,406,61,362,373,182,64
"546",234,386,246,99,178,324,254,354,371,267,159,270,157,29,169,587,282,385,96,153
"547",227,168,101,204,320,297,352,259,122,173,211,453,270,221,519,318,239,251,149,146
"548",67,156,71,209,116,357,438,253,444,99,219,188,377,1043,155,68,151,280,181,128
"549",153,246,61,382,378,295,45,304,179,345,257,124,64,184,269,310,682,355,134,233
"550",149,204,115,298,259,256,326,392,219,243,206,577,420,95,126,198,535,114,82,186
"551",365,258,109,422,169,323,341,85,525,361,314,214,125,145,294,220,195,183,267,85
"552",100,258,190,115,336,385,487,416,67,209,321,194,380,236,241,131,143,359,193,239
"553",221,408,251,215,211,284,307,92,411,56,390,150,130,57,66,243,437,460,302,309
"554",143,399,527,106,150,145,213,393,119,325,178,373,137,105,446,249,169,177,193,453
"555",59,130,314,212,336,154,204,413,609,215,181,212,226,339,71,135,109,703,140,238
"556",61,541,130,334,258,354,430,500,156,122,205,252,91,245,181,123,93,408,325,191
"557",121,194,380,201,428,154,268,382,171,143,452,252,142,316,113,323,161,247,309,243
"558",190,279,117,193,128,353,291,94,301,63,61,458,98,348,131,318,210,485,377,505
"559",227,288,114,318,177,206,198,530,67,420,437,258,225,47,151,474,162,258,127,316
"560",215,268,243,322,430,405,117,187,140,434,157,317,258,253,180,195,352,398,99,30
"561",257,121,671,389,186,262,42,68,135,206,285,215,397,301,319,168,150,347,307,174
"562",376,263,65,86,113,223,106,697,177,565,126,355,115,292,484,138,105,139,468,107
"563",148,109,211,135,364,293,206,49,230,261,252,121,501,283,256,450,150,208,166,607
"564",479,331,85,132,245,218,518,240,210,113,318,254,150,149,141,239,80,315,560,223
"565",157,189,145,312,175,84,246,303,175,234,341,94,413,172,228,192,268,447,402,423
"566",123,128,519,163,426,108,301,57,263,350,228,306,230,447,302,182,130,199,155,383
"567",255,344,210,142,528,235,102,436,528,58,172,300,203,108,288,334,143,45,470,99
"568",167,148,121,208,153,160,356,176,208,937,193,401,409,62,189,93,220,313,345,141
"569",204,353,324,445,311,150,286,102,353,220,30,140,195,160,400,54,332,355,404,182
"570",173,378,406,102,301,548,267,152,36,600,135,248,366,152,41,276,294,131,122,272
"571",166,57,244,260,169,178,436,180,155,107,216,84,531,440,261,258,391,190,349,328
"572",251,498,177,591,87,290,254,335,148,128,388,222,111,283,37,219,123,383,299,176
"573",173,323,216,149,218,287,183,69,358,82,109,458,553,395,215,91,347,234,432,108
"574",308,71,259,226,188,296,155,293,165,144,74,5,305,230,659,154,160,330,523,455
"575",53,124,148,147,298,375,399,309,101,250,371,137,353,236,246,498,198,69,227,461
"576",151,231,89,219,377,280,376,778,429,298,98,186,249,240,212,292,70,120,122,183
"577",132,161,545,88,406,197,269,6,162,201,236,130,290,285,133,252,255,331,139,782
"578",290,87,251,177,365,691,201,82,132,245,364,289,85,411,585,255,136,208,43,103
"579",299,403,122,453,280,150,207,197,460,458,144,102,166,107,398,185,103,221,252,293
"580",214,237,131,194,107,257,176,399,144,201,81,186,583,346,229,76,370,264,214,591
"581",179,366,203,245,542,285,315,267,152,202,188,158,359,166,76,430,63,286,207,311
"582",231,187,192,663,83,77,246,175,94,497,442,308,226,387,204,19,299,166,111,393
"583",452,240,208,243,178,340,129,252,226,139,133,272,232,295,352,236,217,289,189,378
"584",284,111,228,137,129,185,445,413,451,71,107,172,605,518,118,140,313,291,207,75
"585",149,201,375,157,241,57,158,284,303,59,130,172,603,93,598,584,80,112,454,190
"586",126,124,193,249,76,222,201,253,460,96,302,201,272,482,267,310,451,285,324,106
"587",374,180,156,72,286,105,161,228,270,423,253,486,248,453,321,42,162,181,431,168
"588",190,74,29,100,233,324,120,442,178,596,111,527,332,336,132,100,370,348,244,214
"589",184,197,286,458,318,246,645,173,236,39,302,137,69,389,490,254,170,80,122,205
"590",617,404,253,148,205,127,271,96,182,352,236,299,299,397,144,150,467,161,95,97
"591",334,490,292,127,37,25,476,263,198,274,294,290,238,208,141,104,224,229,296,460
"592",159,165,322,78,339,366,383,132,374,214,290,222,122,266,117,437,205,194,323,292
"593",59,84,337,131,87,404,322,304,269,133,125,197,69,316,80,348,166,519,505,545
"594",532,170,241,112,263,275,134,316,315,284,355,181,98,198,290,289,234,167,152,394
"595",181,76,145,195,119,195,196,485,92,155,137,697,308,109,154,356,94,571,391,344
"596",220,24,197,445,125,307,299,298,79,183,132,209,212,581,332,299,264,271,353,170
"597",124,224,406,380,716,155,54,194,177,202,53,209,287,327,146,252,185,149,217,543
"598",295,202,132,222,202,184,469,156,360,147,185,391,423,300,270,439,289,71,118,145
"599",422,263,176,109,153,440,118,88,80,267,249,213,333,193,164,227,155,502,498,350
"600",317,443,311,108,164,383,197,78,349,235,229,106,183,465,105,130,483,202,348,164
"601",116,137,76,147,593,209,215,167,291,116,32,400,95,321,225,417,776,303,65,299
"602",157,246,526,22,150,269,390,310,96,122,235,275,160,385,354,258,244,254,291,256
"603",235,175,328,622,108,213,55,94,204,217,425,150,263,336,318,322,153,273,259,250
"604",402,456,8,376,263,353,156,283,245,47,119,248,423,240,502,46,213,54,355,211
"605",41,423,228,328,192,318,364,82,288,121,207,373,221,28,439,89,318,316,244,380
"606",167,272,379,221,327,207,305,150,507,225,226,178,80,359,354,245,298,253,214,33
"607",259,116,57,135,502,431,121,45,426,532,168,384,284,168,88,176,9,288,536,275
"608",345,550,261,254,380,193,161,102,216,98,69,432,234,173,152,459,24,241,414,242
"609",512,81,257,196,326,474,659,182,60,215,339,196,120,207,173,150,129,258,226,240
"610",166,562,351,238,296,167,316,280,173,169,111,384,112,451,109,165,657,79,94,120
"611",297,274,388,255,73,358,96,277,50,341,138,290,123,381,295,281,287,401,115,280
"612",234,228,348,148,179,140,302,374,184,230,196,110,83,304,531,265,122,597,237,188
"613",76,167,308,189,367,230,225,403,324,109,285,388,91,104,275,259,187,505,321,187
"614",333,209,134,158,184,296,85,330,174,68,251,312,139,924,294,148,168,309,144,340
"615",175,367,80,366,385,139,500,359,180,154,253,244,292,118,180,227,45,486,242,208
"616",191,289,201,217,157,256,86,419,67,516,313,278,198,325,237,426,143,228,295,158
"617",128,596,364,312,100,144,370,215,96,464,204,157,236,248,159,324,192,231,290,170
"618",161,167,491,302,320,199,331,147,256,82,111,124,173,272,130,74,106,387,644,523
"619",210,365,176,289,390,391,189,144,323,80,263,173,253,263,181,117,184,565,135,309
"620",140,111,256,459,265,132,207,677,116,286,247,162,129,232,404,78,208,162,462,267
"621",300,145,224,454,699,169,71,93,191,149,106,127,795,404,198,134,396,3,217,125
"622",202,303,205,210,253,167,200,317,187,373,53,323,212,165,89,165,527,60,425,564
"623",267,412,255,304,362,542,224,101,175,289,195,139,155,228,122,218,418,288,37,269
"624",293,115,377,106,269,190,616,176,243,479,205,125,257,158,153,68,241,227,391,311
"625",662,281,98,219,320,147,170,128,196,471,191,68,179,361,135,183,72,326,483,310
"626",254,150,348,147,270,167,265,203,68,347,392,332,126,243,200,720,300,41,182,245
"627",216,516,224,138,258,483,227,92,262,125,250,123,165,213,84,654,425,153,104,288
"628",159,47,136,134,170,267,290,247,496,235,128,152,181,542,670,185,179,368,192,222
"629",251,257,117,200,136,188,434,287,156,33,334,166,93,176,621,91,514,317,208,421
"630",400,198,258,395,272,177,157,190,147,241,266,297,408,333,296,158,342,55,138,272
"631",117,316,182,332,386,124,130,100,129,293,391,266,125,69,268,669,313,334,211,245
"632",141,370,294,281,100,193,403,339,145,30,409,504,370,69,144,261,367,201,231,148
"633",277,233,19,291,159,37,31,538,106,164,152,431,399,164,153,594,540,138,123,451
"634",165,388,137,124,360,297,326,388,203,199,177,411,146,69,184,79,184,285,405,473
"635",572,232,180,206,135,613,298,196,345,217,132,441,155,203,445,222,167,15,140,86
"636",182,272,217,157,253,207,263,216,112,98,284,198,189,227,638,130,400,319,330,308
"637",187,206,303,105,352,257,132,172,135,394,310,394,81,275,326,136,158,299,582,196
"638",163,132,383,77,179,308,106,588,287,269,135,155,116,92,186,210,166,521,153,774
"639",75,207,240,184,364,126,137,155,426,154,190,563,157,481,280,120,203,277,72,589
"640",197,212,170,316,376,123,163,370,291,100,85,45,262,466,584,375,195,271,277,122
"641",202,213,127,540,35,319,300,521,444,154,273,113,129,127,141,352,270,326,149,265
"642",185,242,323,210,298,324,125,423,465,371,28,110,440,467,280,131,137,98,165,178
"643",337,264,225,215,354,229,318,194,176,109,210,139,349,261,520,301,109,343,157,190
"644",281,265,173,460,468,346,143,299,67,215,434,36,76,305,292,82,348,153,509,48
"645",483,82,160,204,88,352,156,282,117,142,288,237,292,338,233,410,404,478,106,148
"646",184,181,221,468,51,151,235,202,211,467,197,141,458,364,121,312,331,174,228,303
"647",323,318,118,420,500,306,521,116,217,144,186,226,280,260,121,141,106,336,147,214
"648",255,197,86,291,204,362,293,225,367,176,241,509,368,232,239,212,183,293,103,164
"649",153,218,150,149,354,199,392,544,348,250,61,131,565,133,378,175,157,189,194,260
"650",295,319,589,111,191,192,45,346,93,194,204,122,124,182,51,242,907,320,112,361
"651",48,505,109,412,275,172,349,360,347,167,208,246,75,394,159,270,310,279,179,136
"652",331,206,35,276,176,101,307,228,371,222,270,155,118,297,211,192,363,788,151,202
"653",203,309,250,254,264,438,153,167,220,248,97,275,215,280,235,205,190,580,193,224
"654",177,495,244,371,147,84,265,116,236,432,269,169,209,181,157,121,124,692,344,167
"655",142,670,119,298,302,315,242,145,234,81,159,162,422,336,207,561,228,79,115,183
"656",749,116,151,267,145,295,214,197,160,224,452,137,417,273,260,271,115,241,37,279
"657",502,316,199,293,205,256,358,136,467,89,145,148,183,321,66,142,516,418,104,136
"658",150,188,181,117,445,171,144,292,279,590,145,59,328,205,65,484,169,502,213,273
"659",159,397,66,183,57,413,124,177,201,252,89,446,275,519,321,320,169,425,66,341
"660",441,204,124,150,281,29,640,143,382,171,215,201,127,157,646,176,143,111,433,226
"661",666,132,234,347,249,101,351,345,55,101,272,149,141,311,151,136,268,510,173,308
"662",178,306,593,597,267,152,33,149,212,293,304,206,265,273,132,101,112,276,242,309
"663",255,113,441,263,248,365,204,367,185,261,321,210,376,86,331,251,167,63,157,336
"664",386,30,316,79,260,322,321,623,332,459,99,65,113,166,154,493,154,264,135,229
"665",376,413,128,289,272,72,245,374,560,116,197,216,352,107,67,118,89,254,594,161
"666",116,216,424,408,317,423,163,434,50,247,313,315,221,323,247,114,96,251,220,102
"667",141,222,262,360,194,153,306,77,139,250,162,105,352,140,468,315,292,293,364,405
"668",86,197,442,144,128,361,312,251,19,275,143,140,610,203,254,422,104,376,94,439
"669",512,176,13,106,99,134,101,63,354,260,447,64,168,377,214,399,285,230,249,749
"670",391,365,221,244,233,239,437,283,122,75,375,114,68,160,270,445,266,239,282,171
"671",279,96,394,270,228,106,62,154,392,565,217,322,71,351,149,343,127,216,382,276
"672",263,277,255,180,234,463,293,37,369,298,343,163,251,294,265,125,193,246,252,199
"673",43,122,268,147,270,48,309,448,382,183,350,702,163,61,339,254,315,96,190,310
"674",464,423,288,258,70,126,738,21,240,140,128,153,308,131,305,331,65,98,245,468
"675",216,767,82,175,208,227,97,334,142,424,313,133,67,161,449,203,140,243,213,406
"676",276,683,295,287,339,172,293,113,171,312,291,116,305,214,61,204,220,406,26,216
"677",235,108,246,158,228,52,182,292,64,450,252,502,108,218,301,543,317,297,176,271
"678",219,158,112,384,816,105,220,89,516,224,203,389,80,60,200,37,209,548,174,257
"679",299,324,330,351,422,338,200,376,480,222,28,414,287,169,77,115,131,67,217,153
"680",183,143,96,147,350,333,434,64,73,746,167,241,150,157,179,514,267,232,326,198
"681",195,402,341,198,252,144,226,113,89,275,329,162,356,229,159,180,175,352,339,484
"682",179,49,195,184,141,208,200,257,757,95,567,357,398,109,360,360,166,22,200,196
"683",43,263,218,229,126,283,220,84,423,327,139,139,128,479,243,374,444,273,127,438
"684",233,160,250,564,212,171,303,82,309,99,205,205,227,287,123,397,565,235,210,163
"685",388,99,158,213,70,224,221,75,304,341,605,357,295,363,56,249,390,70,223,299
"686",156,144,356,331,282,98,139,404,107,195,148,354,130,208,165,168,276,393,614,332
"687",284,312,61,326,142,144,379,61,363,509,429,197,98,251,38,313,173,185,210,525
"688",204,163,189,201,218,208,361,115,508,112,122,456,28,292,549,230,521,77,142,304
"689",284,70,58,772,316,214,426,167,288,347,200,353,126,383,393,202,152,95,85,69
"690",101,102,245,302,186,403,281,89,247,325,335,57,102,227,205,262,798,146,304,283
"691",198,434,38,151,95,180,254,181,125,164,633,289,57,438,136,684,272,121,462,88
"692",183,241,244,291,568,124,439,249,169,81,53,232,235,219,204,372,508,111,130,347
"693",243,186,171,363,135,214,116,808,190,311,547,119,253,41,211,96,253,100,177,466
"694",211,517,521,43,285,235,134,148,262,184,355,130,150,228,365,435,121,265,283,128
"695",110,86,150,521,72,572,292,67,275,86,332,344,88,432,214,89,383,203,516,168
"696",183,107,297,303,182,233,420,479,459,95,334,473,234,148,310,168,175,71,105,224
"697",188,208,182,137,214,361,18,243,67,391,100,92,257,412,202,466,611,148,443,260
"698",195,269,95,150,373,586,331,526,182,218,219,329,363,229,278,100,151,158,73,175
"699",165,175,217,455,275,506,347,177,207,361,233,106,119,134,197,132,45,296,100,753
"700",266,169,378,438,183,111,323,158,159,87,72,121,477,266,315,214,203,312,271,477
"701",300,337,123,123,138,289,238,234,111,289,141,313,205,211,612,228,318,133,451,206
"702",226,111,92,87,73,126,269,693,376,142,441,412,296,63,679,173,172,315,125,129
"703",146,306,219,156,230,283,276,218,309,391,269,269,598,95,143,139,473,183,144,153
"704",178,306,148,497,330,397,178,248,204,240,174,205,271,68,97,437,130,434,296,162
"705",491,264,666,245,185,265,136,105,579,174,100,151,195,189,216,122,123,201,316,277
"706",94,253,213,297,284,453,42,88,216,698,287,193,110,64,127,550,105,315,366,245
"707",548,149,543,430,183,156,114,116,332,331,367,139,81,129,224,143,105,207,372,331
"708",219,67,150,173,562,325,203,304,348,98,110,340,241,143,247,231,479,451,77,232
"709",605,192,107,350,247,473,279,370,86,77,35,312,291,65,324,318,275,287,177,130
"710",100,55,118,57,91,558,281,70,238,638,456,126,405,23,282,283,325,338,176,380
"711",389,172,237,203,117,120,280,204,225,204,193,501,181,233,379,229,399,165,413,156
"712",73,309,692,148,107,230,60,287,291,100,327,66,371,234,209,206,484,208,394,204
"713",113,504,45,521,216,142,154,73,171,262,773,184,275,149,301,173,204,266,205,269
"714",233,145,212,338,266,484,178,335,71,389,252,390,327,278,289,56,267,129,76,285
"715",189,69,123,244,258,106,180,570,365,241,128,359,330,34,540,441,186,198,165,274
"716",233,228,214,372,217,180,393,118,383,237,73,344,152,287,632,226,354,76,234,47
"717",375,100,97,136,166,405,114,104,155,52,289,385,69,208,524,814,381,120,285,221
"718",175,243,171,420,512,349,158,318,453,31,267,186,55,187,64,303,225,137,526,220
"719",279,189,120,182,131,450,322,332,193,254,225,209,471,211,193,277,104,141,350,367
"720",230,355,175,406,849,218,112,56,88,131,82,219,233,225,381,216,423,205,137,259
"721",338,264,133,204,256,399,108,75,306,212,255,40,38,418,98,202,229,88,416,921
"722",301,111,103,280,19,221,197,407,53,317,134,292,519,456,380,104,73,340,279,414
"723",191,140,143,103,211,259,221,558,165,642,65,245,91,424,550,106,162,350,227,147
"724",253,498,511,120,162,192,128,591,365,228,228,246,41,172,338,323,217,85,284,18
"725",44,226,82,408,330,515,362,267,264,139,193,264,250,235,265,239,113,247,440,117
"726",404,495,200,237,161,348,127,518,230,126,114,197,238,158,116,194,294,330,304,209
"727",402,149,335,209,237,384,396,142,289,322,21,109,202,97,306,180,418,214,353,235
"728",256,432,280,326,243,27,207,317,452,68,152,67,500,321,77,172,258,328,321,196
"729",265,105,509,520,332,137,294,149,235,290,110,290,181,284,151,395,68,408,118,159
"730",118,671,92,132,353,152,465,388,350,147,123,328,18,250,261,274,362,286,114,116
"731",276,101,184,178,101,554,336,208,235,222,147,194,301,506,304,174,439,125,93,322
"732",175,129,191,278,262,577,133,427,147,448,234,256,349,279,226,175,76,272,95,271
"733",389,154,315,279,395,199,71,239,77,586,93,140,199,54,448,330,169,343,208,312
"734",441,94,379,397,122,655,35,286,263,155,254,496,180,345,145,102,157,83,256,155
"735",253,97,143,85,63,522,494,652,155,40,471,126,409,128,117,269,263,171,377,165
"736",210,155,138,341,364,106,479,285,114,559,222,31,169,425,170,233,463,123,213,200
"737",170,98,357,362,666,534,75,111,233,176,203,171,202,239,262,376,205,318,118,124
"738",166,295,486,290,89,270,100,412,348,562,102,122,153,309,228,157,251,329,154,177
"739",167,288,151,84,112,393,258,340,196,532,144,313,74,278,200,463,113,344,219,331
"740",57,212,338,352,167,275,237,50,191,272,159,446,181,191,524,195,191,361,422,179
"741",194,589,285,256,179,378,95,104,570,154,134,180,197,331,312,189,81,201,285,286
"742",548,80,409,134,193,316,440,94,277,395,87,186,205,171,402,243,177,203,223,217
"743",135,231,90,526,218,245,99,114,130,177,163,118,242,719,390,118,378,175,389,343
"744",130,211,391,194,112,364,270,106,282,165,198,272,252,289,101,387,354,310,464,148
"745",134,423,178,248,359,489,107,153,331,168,156,183,388,395,170,328,169,75,151,395
"746",165,65,315,450,376,315,187,150,256,118,203,196,342,187,351,401,213,544,92,74
"747",495,92,44,177,392,152,141,215,183,589,266,178,212,274,388,166,244,129,226,437
"748",344,523,276,236,256,119,415,349,147,181,224,184,134,95,39,195,208,787,156,132
"749",114,138,267,49,108,249,113,256,191,183,167,453,476,427,194,336,630,69,171,409
"750",270,345,256,495,593,161,87,211,128,385,305,172,149,213,210,104,247,298,95,276
"751",158,104,184,254,215,378,3,122,242,218,572,386,474,155,325,416,152,132,267,243
"752",235,359,386,183,168,436,220,277,222,210,219,175,209,120,405,175,247,98,412,244
"753",49,87,320,161,371,311,171,510,303,339,90,153,53,540,585,208,166,228,206,149
"754",243,485,90,466,181,167,219,112,119,136,307,216,246,401,131,182,91,449,199,560
"755",353,277,134,298,442,237,114,246,578,439,195,87,172,177,61,441,328,122,193,106
"756",433,207,711,220,399,340,439,340,64,145,214,53,85,177,134,276,311,47,125,280
"757",406,293,150,282,174,647,208,491,292,271,262,222,88,139,87,53,180,115,498,142
"758",336,167,225,849,106,168,201,147,153,210,202,136,450,280,165,170,204,424,234,173
"759",63,44,193,56,182,149,238,225,118,946,191,668,339,189,147,421,130,181,201,319
"760",48,127,284,67,347,532,230,176,385,75,479,173,70,202,185,96,164,385,465,510
"761",243,106,700,279,126,89,201,185,214,82,238,364,265,77,266,316,407,259,274,309
"762",157,667,218,287,310,186,41,721,294,197,290,160,302,250,295,110,102,101,289,23
"763",472,162,102,204,132,264,170,374,427,77,128,287,396,316,204,233,162,272,281,337
"764",298,348,44,176,367,320,170,308,227,413,240,97,272,775,112,82,193,68,115,375
"765",233,95,45,376,366,433,190,194,284,164,349,466,305,44,132,256,400,202,287,179
"766",372,128,102,366,325,482,135,237,337,148,453,126,235,162,313,130,172,189,309,279
"767",391,128,401,385,198,193,216,136,175,329,419,149,404,272,190,399,138,137,232,108
"768",88,234,193,159,527,253,249,591,166,498,397,133,192,143,107,85,389,259,242,95
"769",421,304,72,48,367,239,305,373,127,272,222,102,231,363,117,176,385,327,236,313
"770",338,197,169,249,73,310,243,196,212,358,89,209,156,557,318,148,389,367,298,124
"771",241,117,296,100,214,555,215,21,36,159,519,358,384,108,119,394,111,248,285,520
"772",135,240,389,347,131,251,195,159,176,274,628,146,255,198,56,211,359,266,342,242
"773",186,257,228,474,522,151,233,200,281,311,53,415,174,131,341,64,223,241,431,84
"774",207,213,41,188,207,27,441,130,189,443,380,190,192,626,198,175,164,433,272,284
"775",55,319,475,147,154,102,365,321,238,450,137,418,97,341,124,411,366,242,42,196
"776",189,345,389,99,134,194,407,396,105,113,497,62,59,306,239,304,509,139,100,414
"777",321,98,209,96,400,61,177,269,223,478,316,370,61,472,307,183,189,394,100,276
"778",104,290,407,611,88,132,174,316,232,159,414,210,244,426,111,285,205,157,305,130
"779",288,156,381,93,388,356,86,794,330,191,205,168,133,259,75,192,92,409,236,168
"780",106,421,570,76,134,362,194,298,142,177,622,200,250,307,327,194,74,71,317,158
"781",103,530,181,186,347,341,154,338,237,337,209,665,57,85,86,237,194,426,99,188
"782",390,250,44,203,118,105,482,210,389,99,232,476,363,554,79,170,207,120,181,328
"783",316,256,627,216,382,114,121,161,422,276,417,47,164,145,397,125,83,126,271,334
"784",204,420,136,363,173,299,193,672,242,232,185,135,227,296,188,59,242,260,238,236
"785",129,310,128,139,269,96,321,50,280,545,370,139,739,148,279,262,172,398,98,128
"786",369,615,298,98,349,146,539,178,99,182,133,540,223,106,127,327,100,335,45,191
"787",248,168,196,269,124,238,153,431,88,333,40,395,165,121,328,193,349,291,476,394
"788",324,185,89,274,74,67,276,354,255,551,301,162,195,178,298,195,118,301,304,499
"789",455,243,117,227,227,147,56,285,207,299,151,291,403,510,158,136,515,177,224,172
"790",160,245,491,269,99,135,269,216,419,325,143,250,159,101,322,203,291,267,50,586
"791",123,127,344,86,529,256,114,499,112,162,410,272,349,398,154,136,383,53,281,212
"792",127,133,273,230,434,734,303,218,120,313,294,86,445,347,79,55,99,46,398,266
"793",223,498,314,364,96,71,374,357,113,83,371,48,180,163,255,150,429,240,402,269
"794",305,356,185,93,240,149,77,207,173,521,186,236,90,129,187,289,282,578,216,501
"795",89,233,428,120,180,317,215,325,629,200,367,347,82,216,121,332,137,37,400,225
"796",104,145,139,133,303,54,450,203,272,285,303,500,371,37,257,190,398,152,264,440
"797",353,312,202,443,444,190,43,240,92,276,264,123,455,207,262,335,216,257,146,140
"798",400,242,129,80,228,92,328,23,156,284,193,272,342,297,254,293,271,272,424,420
"799",224,120,315,249,423,190,275,192,247,286,619,432,291,194,194,189,66,167,156,171
"800",483,284,400,649,156,260,118,109,144,258,227,149,293,332,245,274,38,9,229,343
"801",165,148,469,99,216,162,150,112,678,369,96,224,344,176,421,51,251,196,200,473
"802",231,345,211,560,339,293,262,110,128,531,245,111,340,132,150,102,362,178,283,87
"803",217,220,362,31,235,161,156,340,271,258,242,308,367,218,124,305,348,362,378,97
"804",319,322,390,308,200,100,67,145,379,85,179,236,234,248,115,301,161,524,217,470
"805",44,708,270,229,427,288,154,197,173,249,224,278,429,250,463,179,9,52,229,148
"806",127,322,389,97,166,52,206,391,407,417,86,339,274,275,49,250,131,504,147,371
"807",309,208,130,243,381,64,435,266,200,445,364,167,305,310,170,216,262,297,124,104
"808",118,463,178,54,419,123,440,171,412,67,100,566,274,169,315,49,308,296,255,223
"809",46,344,206,494,453,143,235,199,40,121,132,613,303,125,421,207,111,470,194,143
"810",191,220,382,153,273,13,182,268,353,109,351,506,181,131,239,504,280,330,165,169
"811",402,339,98,40,329,107,483,237,184,505,325,60,103,369,163,486,159,375,132,104
"812",595,77,321,339,207,147,80,159,372,363,265,205,339,351,256,269,55,149,211,240
"813",74,290,259,463,147,184,100,334,238,195,434,151,570,108,239,463,240,150,183,178
"814",449,263,390,217,262,329,164,169,312,317,287,375,161,168,224,328,107,172,262,44
"815",129,311,54,233,314,447,357,118,112,65,250,160,203,302,294,352,258,204,372,465
"816",184,180,154,267,128,235,394,167,162,197,232,264,71,432,329,317,254,349,450,234
"817",51,176,149,251,275,536,559,132,311,458,625,91,203,96,110,73,120,191,234,359
"818",459,64,64,153,313,310,364,491,97,137,91,245,249,89,334,255,281,281,258,465
"819",297,190,344,86,288,638,282,152,123,61,74,119,369,772,81,188,267,502,108,59
"820",181,110,356,454,128,152,395,275,155,214,225,112,378,342,317,207,336,126,386,151
"821",169,248,300,41,279,266,133,345,347,81,259,344,299,608,341,63,160,258,324,135
"822",55,409,361,209,228,362,207,158,340,246,117,155,198,205,526,85,309,100,415,315
"823",234,255,132,116,455,405,246,346,266,128,340,371,482,86,166,94,207,184,397,90
"824",261,89,228,239,388,258,192,440,102,276,173,333,105,134,319,551,78,244,195,395
"825",278,250,333,182,204,188,236,247,220,146,377,263,294,281,90,464,285,135,327,200
"826",135,93,223,157,536,156,195,267,269,737,395,182,135,132,124,392,260,213,296,103
"827",1067,294,241,278,29,436,279,253,117,57,188,154,89,346,313,139,174,89,160,297
"828",231,176,287,509,172,196,684,268,392,208,412,156,369,65,200,251,61,91,132,140
"829",92,318,139,391,445,114,243,374,425,189,276,161,305,276,187,323,86,392,107,157
"830",187,202,230,177,238,277,123,91,169,132,146,173,177,106,157,472,614,204,662,463
"831",170,236,283,206,446,189,112,356,313,199,257,37,170,236,330,167,263,335,264,431
"832",137,299,161,560,178,168,363,245,186,245,185,544,131,422,101,170,163,276,227,239
"833",215,277,97,167,183,257,170,344,326,272,319,332,314,279,273,177,165,184,127,522
"834",481,285,56,103,394,242,311,173,364,289,404,272,168,130,27,555,90,114,143,399
"835",221,176,191,476,284,259,149,225,189,198,349,273,151,276,348,91,264,232,411,237
"836",207,120,282,189,215,241,376,153,89,146,259,267,305,361,286,271,137,583,292,221
"837",285,717,46,458,209,153,642,403,393,161,29,21,386,255,253,189,122,123,49,106
"838",247,84,206,241,204,110,187,386,498,293,502,333,78,262,153,391,409,127,164,125
"839",54,233,178,188,452,303,288,463,228,327,189,115,247,383,343,176,296,282,115,140
"840",560,153,518,133,357,262,104,107,432,365,110,208,307,164,250,86,437,22,152,273
"841",180,291,236,122,213,121,154,158,442,424,173,341,167,239,186,385,222,486,198,262
"842",272,220,203,298,199,140,282,447,97,128,403,248,280,441,280,398,307,186,24,147
"843",183,411,281,372,255,49,452,502,114,159,167,91,77,543,70,239,403,164,173,295
"844",284,261,107,274,153,198,129,374,443,284,398,60,184,295,336,225,191,379,71,354
"845",116,825,239,24,128,425,168,44,258,410,382,284,81,269,34,199,148,517,195,254
"846",292,113,175,164,183,212,231,599,117,202,357,244,81,404,190,388,439,227,175,207
"847",87,200,91,238,153,202,102,128,451,308,198,141,194,403,361,214,158,161,644,566
"848",303,455,110,60,79,364,624,161,364,34,113,184,72,414,457,202,125,229,549,101
"849",132,375,541,276,239,252,184,259,314,149,156,168,270,179,35,297,459,345,179,191
"850",121,110,392,526,97,22,311,445,150,384,219,158,246,199,304,716,178,77,130,215
"851",77,191,103,211,164,403,350,393,119,188,238,134,303,159,285,140,547,249,468,278
"852",124,312,132,360,385,685,404,195,213,185,349,237,28,434,70,347,67,269,45,159
"853",272,196,109,463,151,187,411,553,538,83,207,115,482,62,116,145,115,470,136,189
"854",268,117,88,334,186,285,783,129,349,109,395,75,328,130,181,376,125,120,330,292
"855",178,184,290,173,193,146,177,197,134,469,269,247,53,212,248,210,230,339,400,651
"856",205,203,277,221,404,882,272,170,287,255,231,91,536,36,242,82,109,211,195,91
"857",235,236,270,398,566,231,70,94,145,201,423,89,117,361,485,193,194,409,60,223
"858",203,262,200,259,277,432,224,374,293,326,188,260,158,122,267,634,231,111,93,86
"859",120,343,528,188,354,415,139,437,193,316,186,154,180,130,275,325,161,72,194,290
"860",72,78,151,228,405,169,429,842,411,109,265,255,366,194,64,336,73,172,112,269
"861",123,382,100,127,83,237,282,184,520,372,148,221,316,149,108,311,163,248,699,227
"862",432,350,577,68,630,154,161,88,65,235,206,213,501,58,119,233,185,326,122,277
"863",231,321,387,358,432,491,350,224,187,71,19,106,41,390,122,476,352,111,158,173
"864",123,138,90,570,203,69,590,159,108,643,349,218,202,238,135,121,219,349,307,169
"865",158,379,116,240,311,150,265,155,316,363,65,216,239,166,167,355,108,327,256,648
"866",217,298,133,281,61,91,452,500,31,110,246,218,157,397,528,170,92,332,586,100
"867",108,405,174,124,161,152,72,714,292,247,255,133,271,66,110,489,345,313,375,194
"868",207,337,322,344,509,67,208,66,111,311,272,514,358,231,86,274,173,123,213,274
"869",335,109,282,116,244,355,430,299,97,488,213,153,229,217,112,351,173,382,242,173
"870",101,279,71,492,490,319,152,252,102,166,128,420,160,215,42,220,353,544,117,377
"871",198,144,354,457,513,160,289,172,257,216,304,239,156,107,457,213,189,259,153,163
"872",356,394,251,210,113,199,403,303,82,138,133,112,380,260,327,301,121,351,350,216
"873",161,256,82,208,599,281,225,471,173,77,390,392,257,161,365,152,158,285,202,105
"874",210,83,146,152,352,441,410,391,344,201,275,81,337,211,334,194,233,319,120,166
"875",193,216,208,187,289,145,145,245,585,125,386,340,124,531,107,143,478,387,98,68
"876",396,213,55,270,79,354,353,221,403,246,294,81,371,379,177,140,431,175,121,241
"877",348,154,172,192,305,51,242,245,479,346,175,196,205,243,461,212,330,176,309,159
"878",56,444,127,84,492,298,417,269,94,230,159,292,415,59,505,266,148,294,168,183
"879",360,397,23,187,359,147,258,250,144,176,352,204,333,357,453,82,411,226,218,63
"880",139,26,190,67,277,447,151,190,184,375,211,131,207,503,198,184,513,419,189,399
"881",352,203,96,446,172,460,210,96,257,210,243,88,169,180,110,330,291,270,182,635
"882",458,188,227,114,202,336,469,174,172,97,320,260,169,521,99,236,102,557,130,169
"883",265,148,106,128,100,350,453,558,399,99,180,182,244,93,196,339,395,153,181,431
"884",153,247,430,502,185,308,502,240,76,175,269,456,210,30,119,58,409,167,131,333
"885",96,221,228,323,593,132,113,353,298,140,221,251,252,96,164,454,201,375,391,98
"886",303,147,155,170,332,337,435,174,213,263,233,100,160,227,268,188,372,78,483,362
"887",364,140,57,342,202,429,345,220,389,233,208,128,155,74,481,470,208,195,72,288
"888",376,219,221,414,442,211,246,198,103,133,277,702,289,120,186,113,65,351,266,68
"889",163,407,205,362,176,254,441,209,197,180,419,300,171,134,210,106,344,295,314,113
"890",256,272,203,350,332,180,393,103,274,218,111,35,484,342,232,216,238,226,145,390
"891",67,322,475,330,235,274,309,32,610,168,317,255,398,174,125,220,87,256,228,118
"892",350,80,400,404,243,410,24,193,267,177,167,332,273,309,197,113,230,287,455,89
"893",357,165,437,136,487,173,113,162,290,251,209,253,141,121,154,301,380,456,196,218
"894",238,283,301,270,423,149,114,236,148,244,317,306,171,706,150,230,145,419,115,35
"895",310,363,175,116,270,240,40,228,246,242,103,266,139,64,413,548,552,108,376,201
"896",579,264,138,185,143,433,322,201,129,318,288,231,311,228,203,119,164,69,149,526
"897",98,312,349,236,256,119,213,192,176,404,168,186,105,729,608,129,188,206,279,47
"898",159,117,49,348,389,176,275,229,235,111,242,553,374,372,240,316,250,139,215,211
"899",180,145,299,335,217,400,243,273,52,242,229,148,56,353,614,222,209,209,227,347
"900",136,326,173,368,323,453,167,174,736,125,320,216,102,374,154,161,259,136,120,177
"901",162,130,248,58,153,307,188,264,193,378,486,320,189,201,277,227,373,335,138,373
"902",60,159,301,368,342,405,201,355,202,309,423,64,110,198,257,273,109,486,261,117
"903",95,546,224,257,88,186,145,93,207,154,298,202,277,327,93,781,103,287,214,423
"904",196,255,273,270,160,201,363,400,235,65,159,534,334,386,107,152,150,390,73,297
"905",432,168,163,352,323,126,232,474,56,117,191,280,276,397,331,186,336,192,213,155
"906",489,475,279,157,302,368,151,178,410,59,88,29,347,310,75,85,265,187,419,327
"907",168,220,338,113,189,168,166,181,721,469,80,400,318,139,85,264,132,280,126,443
"908",253,266,127,256,155,419,471,314,289,271,191,539,382,44,127,151,106,157,274,208
"909",354,164,256,125,296,269,506,132,256,113,277,478,123,44,80,139,266,268,454,400
"910",333,199,109,210,247,110,500,212,143,358,121,126,157,262,184,581,173,141,517,317
"911",249,276,248,235,66,369,168,503,263,400,448,47,167,225,133,275,346,88,248,246
"912",36,264,255,175,198,345,127,529,312,170,426,82,173,142,398,419,555,58,207,129
"913",165,75,168,74,108,231,504,120,339,354,264,187,535,61,133,403,167,611,180,321
"914",273,375,116,411,113,109,97,720,175,266,118,126,176,171,87,162,419,588,276,222
"915",566,176,297,275,190,228,298,97,157,187,209,259,295,362,518,55,163,367,132,169
"916",211,123,299,352,184,400,349,203,128,107,424,352,137,90,210,206,205,603,288,129
"917",145,139,206,313,86,416,358,223,118,341,298,304,228,452,303,226,191,244,77,332
"918",189,263,76,380,308,165,240,87,122,600,216,337,93,485,266,305,46,533,149,140
"919",128,190,276,151,238,189,238,471,511,470,420,182,125,250,161,193,250,90,199,268
"920",254,268,239,465,625,108,136,306,18,84,101,262,279,451,398,53,147,434,144,228
"921",187,192,166,59,66,28,329,342,755,190,352,331,185,266,311,174,306,168,316,277
"922",155,100,228,209,613,461,182,459,78,185,115,269,112,411,300,138,179,385,225,196
"923",230,304,98,473,288,104,139,61,95,224,113,177,592,206,563,520,311,219,130,153
"924",240,50,463,225,298,556,264,121,129,217,458,139,200,170,397,349,156,301,176,91
"925",78,600,161,287,339,195,181,177,236,155,142,176,248,234,183,119,360,130,310,689
"926",579,127,135,233,191,420,282,109,182,131,365,132,325,96,670,275,204,194,163,187
"927",401,300,269,357,291,162,525,199,298,335,93,85,395,98,25,204,283,243,360,77
"928",227,316,54,297,181,79,472,226,70,182,193,178,582,371,300,204,485,115,295,173
"929",65,262,347,218,141,157,237,247,392,361,310,220,373,406,394,225,112,98,322,113
"930",255,485,150,184,220,210,135,172,240,413,336,157,106,252,112,227,400,47,291,608
"931",296,232,304,418,333,57,192,304,193,614,120,210,71,342,273,167,253,299,125,197
"932",443,303,316,358,136,358,296,122,355,282,358,189,10,107,274,27,210,470,174,212
"933",214,177,142,262,204,231,409,322,219,319,264,485,481,191,227,100,124,75,336,218
"934",226,166,179,423,413,313,132,174,204,376,124,145,417,602,125,269,81,45,243,343
"935",516,161,103,330,421,546,147,247,66,245,140,106,359,165,432,158,275,139,180,264
"936",364,148,292,232,229,247,166,292,266,327,393,79,391,207,184,289,241,128,314,211
"937",253,177,202,122,554,135,367,550,144,299,337,95,153,182,64,104,227,297,67,671
"938",231,259,513,230,245,243,255,106,198,233,197,284,368,159,118,301,72,358,184,446
"939",417,238,395,119,294,144,211,442,183,250,101,133,122,237,169,78,322,360,381,404
"940",409,478,182,487,183,29,223,131,255,276,135,151,294,261,205,386,435,216,113,151
"941",512,250,401,465,149,237,331,174,105,105,329,282,203,185,294,139,235,360,121,123
"942",79,169,112,227,469,175,147,53,279,179,347,222,928,57,621,199,161,214,176,186
"943",147,320,273,335,212,225,196,205,25,317,210,144,73,156,84,445,276,355,119,883
"944",250,110,296,375,125,280,208,112,291,473,365,187,262,173,300,179,206,193,307,308
"945",211,210,275,405,244,209,290,182,159,786,173,203,170,257,281,185,20,228,135,377
"946",67,402,304,695,124,171,244,157,234,351,274,345,478,121,246,120,146,351,122,48
"947",217,114,17,224,326,158,65,65,565,413,434,235,125,130,510,416,624,166,69,127
"948",239,166,187,303,125,267,199,73,705,185,183,279,216,263,161,528,273,165,178,305
"949",196,175,73,360,243,150,221,363,115,438,584,223,161,264,349,227,139,234,314,171
"950",99,253,284,103,128,70,377,647,495,176,95,415,169,83,191,351,182,377,173,332
"951",206,71,337,368,147,294,298,284,212,154,226,270,45,625,104,379,118,122,273,467
"952",133,159,122,245,129,146,648,342,196,434,159,168,237,374,172,282,251,215,368,220
"953",258,303,322,399,181,428,204,243,216,137,296,69,256,109,394,310,251,246,196,182
"954",182,169,140,237,375,671,268,512,347,424,153,114,124,101,159,68,439,152,127,238
"955",297,234,205,158,121,113,133,182,220,361,239,319,215,218,804,311,78,281,224,287
"956",302,279,242,120,47,198,466,169,281,567,148,197,232,144,233,382,240,492,151,110
"957",219,288,462,81,344,341,144,88,133,301,429,522,135,64,200,220,126,106,253,544
"958",132,76,275,141,172,343,80,209,456,229,330,341,320,117,440,282,143,235,230,449
"959",457,255,264,89,83,453,319,125,229,57,78,310,226,252,519,265,131,306,473,109
"960",226,216,145,108,91,104,317,404,278,293,406,505,471,32,197,354,185,231,118,319
"961",255,383,410,267,338,243,93,318,184,59,366,137,323,420,180,354,135,96,183,256
"962",663,180,158,270,268,320,79,182,64,295,259,140,274,250,273,113,185,559,212,256
"963",448,128,110,338,106,75,384,462,458,71,85,136,165,416,124,229,453,275,304,233
"964",315,220,761,162,281,395,251,277,267,64,237,80,153,259,65,114,425,125,185,364
"965",118,181,189,554,446,396,234,158,194,201,210,115,136,392,297,351,147,40,140,501
"966",322,74,212,232,68,246,109,196,224,179,203,151,156,168,565,632,197,211,694,161
"967",360,535,431,470,152,131,127,388,215,177,414,94,302,160,162,78,121,263,75,345
"968",175,472,86,384,253,247,188,275,370,430,182,197,205,145,249,256,116,204,147,419
"969",598,161,96,244,376,229,200,201,117,150,335,287,125,347,230,102,118,228,636,220
"970",180,161,500,155,253,144,125,561,252,209,168,378,402,351,371,201,133,156,241,59
"971",306,314,57,241,313,353,121,456,237,442,168,67,342,129,297,292,74,382,211,198
"972",443,266,466,260,303,294,251,112,377,287,136,135,307,84,120,521,59,288,60,231
"973",102,230,69,56,276,241,172,93,358,321,267,311,140,151,139,733,212,269,317,543
"974",130,478,122,54,388,268,204,42,273,84,688,85,118,81,456,438,257,164,270,400
"975",590,252,274,337,362,200,254,89,367,345,70,109,392,89,177,141,89,552,169,142
"976",575,103,332,571,321,244,99,143,109,33,115,352,359,342,480,73,404,186,75,84
"977",112,239,327,237,101,60,690,262,149,748,38,45,377,273,181,140,500,296,91,134
"978",281,41,198,418,368,353,213,236,555,76,50,113,304,350,310,195,176,115,552,96
"979",227,458,397,124,134,192,397,171,298,412,269,296,50,71,451,134,295,96,189,339
"980",189,395,363,248,278,171,44,217,236,64,254,445,347,83,122,142,195,402,330,475
"981",328,269,108,221,85,126,437,321,189,134,380,397,328,299,70,333,238,169,140,428
"982",241,276,237,160,357,571,55,198,477,194,231,193,100,365,128,226,184,143,311,353
"983",188,73,70,425,157,290,45,217,205,273,317,160,101,520,241,185,569,513,201,250
"984",536,413,107,490,155,125,202,113,137,401,556,155,239,319,220,295,149,82,90,216
"985",161,258,194,384,225,614,173,283,111,179,351,427,492,164,106,88,314,88,215,173
"986",103,268,418,215,321,354,399,436,116,258,214,312,196,115,123,307,144,20,368,313
"987",416,376,123,344,284,208,221,228,325,291,322,145,151,133,159,151,226,83,537,277
"988",230,120,335,110,449,80,676,208,241,239,270,37,46,329,423,279,143,305,242,238
"989",116,107,143,127,290,201,204,736,414,248,543,112,362,44,119,364,24,193,367,286
"990",257,350,213,288,137,147,200,435,306,44,100,380,131,166,451,172,553,224,335,111
"991",202,162,162,151,463,319,254,426,459,98,29,237,250,267,301,68,143,594,192,223
"992",246,84,441,144,233,7,175,623,193,70,235,430,428,264,180,441,166,224,196,220
"993",359,417,317,202,221,112,68,257,278,430,345,244,235,276,113,185,186,286,245,224
"994",540,20,271,120,270,193,148,203,190,463,742,243,186,355,117,305,121,237,42,234
"995",382,217,198,339,130,322,518,156,54,162,108,330,35,372,111,747,350,149,221,99
"996",135,181,252,257,328,294,165,177,67,68,118,451,812,505,280,173,145,45,170,377
"997",200,459,186,416,354,202,161,296,108,55,205,313,209,412,110,243,257,381,59,374
"998",356,249,276,604,287,237,439,144,173,285,131,95,116,427,360,136,211,111,254,109
"999",197,277,415,178,206,288,105,375,413,166,125,244,296,100,336,493,37,179,214,356
"1000",178,179,188,479,179,400,150,149,534,209,241,234,210,290,282,63,301,209,338,187
